iat_va	dll	name	ordinal
0x65b850	PSAPI.DLL	GetProcessMemoryInfo	
0x65bd74	iphlpapi.dll	GetAdaptersAddresses	
0x65bc7c	USERENV.dll	GetUserProfileDirectoryW	
0x65b390	KERNEL32.dll	CopyFileA	
0x65b394	KERNEL32.dll	GlobalFree	
0x65b398	KERNEL32.dll	MulDiv	
0x65b39c	KERNEL32.dll	GetThreadPriority	
0x65b3a0	KERNEL32.dll	SuspendThread	
0x65b3a4	KERNEL32.dll	GlobalDeleteAtom	
0x65b3a8	KERNEL32.dll	GlobalFindAtomA	
0x65b3ac	KERNEL32.dll	GlobalAddAtomA	
0x65b3b0	KERNEL32.dll	GlobalGetAtomNameA	
0x65b3b4	KERNEL32.dll	lstrcmpW	
0x65b3b8	KERNEL32.dll	GetThreadLocale	
0x65b3bc	KERNEL32.dll	EnumResourceLanguagesA	
0x65b3c0	KERNEL32.dll	ConvertDefaultLocale	
0x65b3c4	KERNEL32.dll	lstrcmpA	
0x65b3c8	KERNEL32.dll	FindNextFileA	
0x65b3cc	KERNEL32.dll	GlobalSize	
0x65b3d0	KERNEL32.dll	LockFile	
0x65b3d4	KERNEL32.dll	UnlockFile	
0x65b3d8	KERNEL32.dll	GetVolumeInformationA	
0x65b3dc	KERNEL32.dll	GetShortPathNameA	
0x65b3e0	KERNEL32.dll	GetAtomNameA	
0x65b3e4	KERNEL32.dll	LocalAlloc	
0x65b3e8	KERNEL32.dll	GlobalHandle	
0x65b3ec	KERNEL32.dll	GlobalReAlloc	
0x65b3f0	KERNEL32.dll	LocalReAlloc	
0x65b3f4	KERNEL32.dll	SystemTimeToFileTime	
0x65b3f8	KERNEL32.dll	GlobalFlags	
0x65b3fc	KERNEL32.dll	GetProfileIntA	
0x65b400	KERNEL32.dll	GetFileTime	
0x65b404	KERNEL32.dll	LocalFileTimeToFileTime	
0x65b408	KERNEL32.dll	SetFileAttributesA	
0x65b40c	KERNEL32.dll	FindResourceExA	
0x65b410	KERNEL32.dll	GetTempFileNameA	
0x65b414	KERNEL32.dll	GetDiskFreeSpaceA	
0x65b418	KERNEL32.dll	SetEnvironmentVariableA	
0x65b41c	KERNEL32.dll	SetEndOfFile	
0x65b420	KERNEL32.dll	GetLocaleInfoW	
0x65b424	KERNEL32.dll	OpenFileMappingA	
0x65b428	KERNEL32.dll	OpenEventA	
0x65b42c	KERNEL32.dll	GetConsoleOutputCP	
0x65b430	KERNEL32.dll	WriteConsoleA	
0x65b434	KERNEL32.dll	GetUserDefaultLCID	
0x65b438	KERNEL32.dll	EnumSystemLocalesA	
0x65b43c	KERNEL32.dll	IsValidLocale	
0x65b440	KERNEL32.dll	GetLocaleInfoA	
0x65b444	KERNEL32.dll	GetTimeZoneInformation	
0x65b448	KERNEL32.dll	LCMapStringA	
0x65b44c	KERNEL32.dll	GetEnvironmentStringsW	
0x65b450	KERNEL32.dll	FreeEnvironmentStringsW	
0x65b454	KERNEL32.dll	GetEnvironmentStrings	
0x65b458	KERNEL32.dll	FreeEnvironmentStringsA	
0x65b45c	KERNEL32.dll	GetStringTypeW	
0x65b460	KERNEL32.dll	GetStringTypeA	
0x65b464	KERNEL32.dll	GetFullPathNameA	
0x65b468	KERNEL32.dll	SetCurrentDirectoryA	
0x65b46c	KERNEL32.dll	SetHandleCount	
0x65b470	KERNEL32.dll	IsValidCodePage	
0x65b474	KERNEL32.dll	GetCPInfo	
0x65b478	KERNEL32.dll	GetOEMCP	
0x65b47c	KERNEL32.dll	GetACP	
0x65b480	KERNEL32.dll	HeapCreate	
0x65b484	KERNEL32.dll	HeapDestroy	
0x65b488	KERNEL32.dll	HeapReAlloc	
0x65b48c	KERNEL32.dll	LoadLibraryW	
0x65b490	KERNEL32.dll	FatalAppExitA	
0x65b494	KERNEL32.dll	SetFileAttributesW	
0x65b498	KERNEL32.dll	GetConsoleCP	
0x65b49c	KERNEL32.dll	OutputDebugStringW	
0x65b4a0	KERNEL32.dll	DebugBreak	
0x65b4a4	KERNEL32.dll	SetStdHandle	
0x65b4a8	KERNEL32.dll	GetDateFormatA	
0x65b4ac	KERNEL32.dll	GetTimeFormatA	
0x65b4b0	KERNEL32.dll	MoveFileA	
0x65b4b4	KERNEL32.dll	DeleteFileA	
0x65b4b8	KERNEL32.dll	ExitThread	
0x65b4bc	KERNEL32.dll	CreateThread	
0x65b4c0	KERNEL32.dll	GetStartupInfoA	
0x65b4c4	KERNEL32.dll	GetProcessHeap	
0x65b4c8	KERNEL32.dll	HeapAlloc	
0x65b4cc	KERNEL32.dll	GetVersionExA	
0x65b4d0	KERNEL32.dll	HeapFree	
0x65b4d4	KERNEL32.dll	GetCommandLineA	
0x65b4d8	KERNEL32.dll	GetDriveTypeA	
0x65b4dc	KERNEL32.dll	FileTimeToLocalFileTime	
0x65b4e0	KERNEL32.dll	FindClose	
0x65b4e4	KERNEL32.dll	ExitProcess	
0x65b4e8	KERNEL32.dll	InterlockedDecrement	
0x65b4ec	KERNEL32.dll	InterlockedIncrement	
0x65b4f0	KERNEL32.dll	GetLocalTime	
0x65b4f4	KERNEL32.dll	RaiseException	
0x65b4f8	KERNEL32.dll	UnhandledExceptionFilter	
0x65b4fc	KERNEL32.dll	IsBadReadPtr	
0x65b500	KERNEL32.dll	HeapValidate	
0x65b504	KERNEL32.dll	VirtualQuery	
0x65b508	KERNEL32.dll	VirtualProtect	
0x65b50c	KERNEL32.dll	RtlUnwind	
0x65b510	KERNEL32.dll	VirtualFree	
0x65b514	KERNEL32.dll	VirtualAlloc	
0x65b518	KERNEL32.dll	SetFilePointer	
0x65b51c	KERNEL32.dll	GetStartupInfoW	
0x65b520	KERNEL32.dll	PeekNamedPipe	
0x65b524	KERNEL32.dll	ConnectNamedPipe	
0x65b528	KERNEL32.dll	WaitNamedPipeW	
0x65b52c	KERNEL32.dll	SwitchToThread	
0x65b530	KERNEL32.dll	SetNamedPipeHandleState	
0x65b534	KERNEL32.dll	GetNamedPipeHandleStateA	
0x65b538	KERNEL32.dll	CreateNamedPipeW	
0x65b53c	KERNEL32.dll	CreateNamedPipeA	
0x65b540	KERNEL32.dll	OpenProcess	
0x65b544	KERNEL32.dll	TerminateProcess	
0x65b548	KERNEL32.dll	CreateJobObjectW	
0x65b54c	KERNEL32.dll	SetInformationJobObject	
0x65b550	KERNEL32.dll	CreateProcessW	
0x65b554	KERNEL32.dll	AssignProcessToJobObject	
0x65b558	KERNEL32.dll	UnregisterWaitEx	
0x65b55c	KERNEL32.dll	LCMapStringW	
0x65b560	KERNEL32.dll	GetLongPathNameW	
0x65b564	KERNEL32.dll	GetShortPathNameW	
0x65b568	KERNEL32.dll	ReadDirectoryChangesW	
0x65b56c	KERNEL32.dll	CreateDirectoryW	
0x65b570	KERNEL32.dll	RemoveDirectoryW	
0x65b574	KERNEL32.dll	CreateHardLinkW	
0x65b578	KERNEL32.dll	SetFileTime	
0x65b57c	KERNEL32.dll	GetFileAttributesW	
0x65b580	KERNEL32.dll	FlushFileBuffers	
0x65b584	KERNEL32.dll	MoveFileExW	
0x65b588	KERNEL32.dll	DeviceIoControl	
0x65b58c	KERNEL32.dll	GetFileInformationByHandle	
0x65b590	KERNEL32.dll	CreateFileW	
0x65b594	KERNEL32.dll	SetConsoleCtrlHandler	
0x65b598	KERNEL32.dll	GetConsoleCursorInfo	
0x65b59c	KERNEL32.dll	SetConsoleCursorInfo	
0x65b5a0	KERNEL32.dll	SetConsoleTextAttribute	
0x65b5a4	KERNEL32.dll	FillConsoleOutputCharacterW	
0x65b5a8	KERNEL32.dll	FillConsoleOutputAttribute	
0x65b5ac	KERNEL32.dll	SetConsoleCursorPosition	
0x65b5b0	KERNEL32.dll	WriteConsoleW	
0x65b5b4	KERNEL32.dll	WriteConsoleInputW	
0x65b5b8	KERNEL32.dll	ReadConsoleW	
0x65b5bc	KERNEL32.dll	QueueUserWorkItem	
0x65b5c0	KERNEL32.dll	GetNumberOfConsoleInputEvents	
0x65b5c4	KERNEL32.dll	ReadConsoleInputW	
0x65b5c8	KERNEL32.dll	SetConsoleMode	
0x65b5cc	KERNEL32.dll	DuplicateHandle	
0x65b5d0	KERNEL32.dll	GetConsoleScreenBufferInfo	
0x65b5d4	KERNEL32.dll	GetProcessTimes	
0x65b5d8	KERNEL32.dll	FileTimeToSystemTime	
0x65b5dc	KERNEL32.dll	VerSetConditionMask	
0x65b5e0	KERNEL32.dll	VerifyVersionInfoA	
0x65b5e4	KERNEL32.dll	QueryPerformanceCounter	
0x65b5e8	KERNEL32.dll	GetConsoleTitleW	
0x65b5ec	KERNEL32.dll	SetConsoleTitleW	
0x65b5f0	KERNEL32.dll	GlobalMemoryStatusEx	
0x65b5f4	KERNEL32.dll	SetCurrentDirectoryW	
0x65b5f8	KERNEL32.dll	SetEnvironmentVariableW	
0x65b5fc	KERNEL32.dll	GetCurrentDirectoryW	
0x65b600	KERNEL32.dll	GetModuleFileNameW	
0x65b604	KERNEL32.dll	QueryPerformanceFrequency	
0x65b608	KERNEL32.dll	LocalFree	
0x65b60c	KERNEL32.dll	TlsSetValue	
0x65b610	KERNEL32.dll	TlsGetValue	
0x65b614	KERNEL32.dll	TlsFree	
0x65b618	KERNEL32.dll	TlsAlloc	
0x65b61c	KERNEL32.dll	WaitForMultipleObjects	
0x65b620	KERNEL32.dll	ResetEvent	
0x65b624	KERNEL32.dll	CreateSemaphoreA	
0x65b628	KERNEL32.dll	TryEnterCriticalSection	
0x65b62c	KERNEL32.dll	ResumeThread	
0x65b630	KERNEL32.dll	SetEvent	
0x65b634	KERNEL32.dll	GetFileType	
0x65b638	KERNEL32.dll	GetConsoleMode	
0x65b63c	KERNEL32.dll	CancelIo	
0x65b640	KERNEL32.dll	RegisterWaitForSingleObject	
0x65b644	KERNEL32.dll	CreateEventA	
0x65b648	KERNEL32.dll	UnregisterWait	
0x65b64c	KERNEL32.dll	SetHandleInformation	
0x65b650	KERNEL32.dll	IsDebuggerPresent	
0x65b654	KERNEL32.dll	SetErrorMode	
0x65b658	KERNEL32.dll	GetExitCodeProcess	
0x65b65c	KERNEL32.dll	FreeLibrary	
0x65b660	KERNEL32.dll	GetModuleHandleA	
0x65b664	KERNEL32.dll	ReleaseSemaphore	
0x65b668	KERNEL32.dll	CreateSemaphoreW	
0x65b66c	KERNEL32.dll	CreateMutexW	
0x65b670	KERNEL32.dll	Sleep	
0x65b674	KERNEL32.dll	SetThreadPriority	
0x65b678	KERNEL32.dll	GetCurrentThread	
0x65b67c	KERNEL32.dll	SetLastError	
0x65b680	KERNEL32.dll	GetQueuedCompletionStatus	
0x65b684	KERNEL32.dll	PostQueuedCompletionStatus	
0x65b688	KERNEL32.dll	GetSystemInfo	
0x65b68c	KERNEL32.dll	CreateIoCompletionPort	
0x65b690	KERNEL32.dll	GetTickCount	
0x65b694	KERNEL32.dll	GetSystemTimeAsFileTime	
0x65b698	KERNEL32.dll	InterlockedCompareExchange	
0x65b69c	KERNEL32.dll	ReleaseMutex	
0x65b6a0	KERNEL32.dll	LeaveCriticalSection	
0x65b6a4	KERNEL32.dll	WaitForSingleObject	
0x65b6a8	KERNEL32.dll	EnterCriticalSection	
0x65b6ac	KERNEL32.dll	DeleteCriticalSection	
0x65b6b0	KERNEL32.dll	InitializeCriticalSection	
0x65b6b4	KERNEL32.dll	GetVersionExW	
0x65b6b8	KERNEL32.dll	GetModuleHandleW	
0x65b6bc	KERNEL32.dll	CreateToolhelp32Snapshot	
0x65b6c0	KERNEL32.dll	Process32First	
0x65b6c4	KERNEL32.dll	Process32Next	
0x65b6c8	KERNEL32.dll	FormatMessageA	
0x65b6cc	KERNEL32.dll	LoadLibraryA	
0x65b6d0	KERNEL32.dll	GetProcAddress	
0x65b6d4	KERNEL32.dll	GetCurrentThreadId	
0x65b6d8	KERNEL32.dll	GetCurrentProcess	
0x65b6dc	KERNEL32.dll	SetUnhandledExceptionFilter	
0x65b6e0	KERNEL32.dll	CreatePipe	
0x65b6e4	KERNEL32.dll	GetStdHandle	
0x65b6e8	KERNEL32.dll	WriteFile	
0x65b6ec	KERNEL32.dll	CreateMutexA	
0x65b6f0	KERNEL32.dll	CreateProcessA	
0x65b6f4	KERNEL32.dll	GetFileSize	
0x65b6f8	KERNEL32.dll	ReadFile	
0x65b6fc	KERNEL32.dll	GlobalAlloc	
0x65b700	KERNEL32.dll	GlobalLock	
0x65b704	KERNEL32.dll	GlobalUnlock	
0x65b708	KERNEL32.dll	FreeResource	
0x65b70c	KERNEL32.dll	CreateFileMappingA	
0x65b710	KERNEL32.dll	MapViewOfFile	
0x65b714	KERNEL32.dll	UnmapViewOfFile	
0x65b718	KERNEL32.dll	OutputDebugStringA	
0x65b71c	KERNEL32.dll	GetExitCodeThread	
0x65b720	KERNEL32.dll	GetPrivateProfileIntA	
0x65b724	KERNEL32.dll	WritePrivateProfileStringA	
0x65b728	KERNEL32.dll	GetPrivateProfileStringA	
0x65b72c	KERNEL32.dll	CreateFileA	
0x65b730	KERNEL32.dll	CloseHandle	
0x65b734	KERNEL32.dll	GetCurrentDirectoryA	
0x65b738	KERNEL32.dll	FindFirstFileA	
0x65b73c	KERNEL32.dll	GetFileAttributesA	
0x65b740	KERNEL32.dll	GetModuleFileNameA	
0x65b744	KERNEL32.dll	LoadResource	
0x65b748	KERNEL32.dll	LockResource	
0x65b74c	KERNEL32.dll	SizeofResource	
0x65b750	KERNEL32.dll	FindResourceA	
0x65b754	KERNEL32.dll	GetLastError	
0x65b758	KERNEL32.dll	GetCurrentProcessId	
0x65b75c	KERNEL32.dll	lstrlenA	
0x65b760	KERNEL32.dll	lstrcmpiA	
0x65b764	KERNEL32.dll	lstrcmpiW	
0x65b768	KERNEL32.dll	GetStringTypeExA	
0x65b76c	KERNEL32.dll	GetStringTypeExW	
0x65b770	KERNEL32.dll	WideCharToMultiByte	
0x65b774	KERNEL32.dll	lstrlenW	
0x65b778	KERNEL32.dll	CompareStringA	
0x65b77c	KERNEL32.dll	CompareStringW	
0x65b780	KERNEL32.dll	GetEnvironmentVariableA	
0x65b784	KERNEL32.dll	MultiByteToWideChar	
0x65b788	KERNEL32.dll	InterlockedExchange	
0x65b78c	KERNEL32.dll	GetVersion	
0x65b790	KERNEL32.dll	GetEnvironmentVariableW	
0x65b794	KERNEL32.dll	GetHandleInformation	
0x65b8a0	USER32.dll	RegisterClipboardFormatA	
0x65b8a4	USER32.dll	GetWindowThreadProcessId	
0x65b8a8	USER32.dll	SetCursor	
0x65b8ac	USER32.dll	PostQuitMessage	
0x65b8b0	USER32.dll	GetMessageA	
0x65b8b4	USER32.dll	MapVirtualKeyA	
0x65b8b8	USER32.dll	GetKeyNameTextA	
0x65b8bc	USER32.dll	CheckMenuRadioItem	
0x65b8c0	USER32.dll	GetMenuContextHelpId	
0x65b8c4	USER32.dll	LoadMenuIndirectA	
0x65b8c8	USER32.dll	LoadMenuA	
0x65b8cc	USER32.dll	ModifyMenuA	
0x65b8d0	USER32.dll	InsertMenuItemA	
0x65b8d4	USER32.dll	SetMenuItemInfoA	
0x65b8d8	USER32.dll	GetMenuItemInfoA	
0x65b8dc	USER32.dll	GetMenuDefaultItem	
0x65b8e0	USER32.dll	SetMenuDefaultItem	
0x65b8e4	USER32.dll	EnableMenuItem	
0x65b8e8	USER32.dll	CheckMenuItem	
0x65b8ec	USER32.dll	DeleteMenu	
0x65b8f0	USER32.dll	CreatePopupMenu	
0x65b8f4	USER32.dll	CreateMenu	
0x65b8f8	USER32.dll	ScrollDC	
0x65b8fc	USER32.dll	GrayStringA	
0x65b900	USER32.dll	GetTabbedTextExtentA	
0x65b904	USER32.dll	DrawTextExA	
0x65b908	USER32.dll	DrawTextA	
0x65b90c	USER32.dll	DrawFocusRect	
0x65b910	USER32.dll	DrawFrameControl	
0x65b914	USER32.dll	DrawEdge	
0x65b918	USER32.dll	DrawStateA	
0x65b91c	USER32.dll	DrawIcon	
0x65b920	USER32.dll	InvertRect	
0x65b924	USER32.dll	FrameRect	
0x65b928	USER32.dll	FillRect	
0x65b92c	USER32.dll	ExcludeUpdateRgn	
0x65b930	USER32.dll	WindowFromDC	
0x65b934	USER32.dll	GetSysColorBrush	
0x65b938	USER32.dll	EndDialog	
0x65b93c	USER32.dll	CreateDialogIndirectParamA	
0x65b940	USER32.dll	CharNextA	
0x65b944	USER32.dll	IsWindowEnabled	
0x65b948	USER32.dll	ShowWindow	
0x65b94c	USER32.dll	MoveWindow	
0x65b950	USER32.dll	SetWindowTextA	
0x65b954	USER32.dll	IsDialogMessageA	
0x65b958	USER32.dll	ScrollWindowEx	
0x65b95c	USER32.dll	IsDlgButtonChecked	
0x65b960	USER32.dll	SetDlgItemTextA	
0x65b964	USER32.dll	SetDlgItemInt	
0x65b968	USER32.dll	GetDlgItemTextA	
0x65b96c	USER32.dll	GetDlgItemInt	
0x65b970	USER32.dll	CheckRadioButton	
0x65b974	USER32.dll	CheckDlgButton	
0x65b978	USER32.dll	GetMenuCheckMarkDimensions	
0x65b97c	USER32.dll	LoadBitmapA	
0x65b980	USER32.dll	SetMenuItemBitmaps	
0x65b984	USER32.dll	TabbedTextOutA	
0x65b988	USER32.dll	RegisterWindowMessageA	
0x65b98c	USER32.dll	CreateWindowExA	
0x65b990	USER32.dll	GetClassInfoExA	
0x65b994	USER32.dll	GetClassInfoA	
0x65b998	USER32.dll	RegisterClassA	
0x65b99c	USER32.dll	SendDlgItemMessageA	
0x65b9a0	USER32.dll	GetSysColor	
0x65b9a4	USER32.dll	PeekMessageA	
0x65b9a8	USER32.dll	SetFocus	
0x65b9ac	USER32.dll	AdjustWindowRectEx	
0x65b9b0	USER32.dll	EqualRect	
0x65b9b4	USER32.dll	DeferWindowPos	
0x65b9b8	USER32.dll	BeginDeferWindowPos	
0x65b9bc	USER32.dll	CopyRect	
0x65b9c0	USER32.dll	EndDeferWindowPos	
0x65b9c4	USER32.dll	ScrollWindow	
0x65b9c8	USER32.dll	GetScrollInfo	
0x65b9cc	USER32.dll	SetScrollInfo	
0x65b9d0	USER32.dll	WinHelpA	
0x65b9d4	USER32.dll	TrackPopupMenuEx	
0x65b9d8	USER32.dll	TrackPopupMenu	
0x65b9dc	USER32.dll	SetWindowPlacement	
0x65b9e0	USER32.dll	GetDlgItem	
0x65b9e4	USER32.dll	GetWindowTextLengthA	
0x65b9e8	USER32.dll	GetWindowTextA	
0x65b9ec	USER32.dll	DestroyWindow	
0x65b9f0	USER32.dll	GetDlgCtrlID	
0x65b9f4	USER32.dll	SetWindowsHookExA	
0x65b9f8	USER32.dll	CallNextHookEx	
0x65b9fc	USER32.dll	GetClassLongA	
0x65ba00	USER32.dll	GetClassNameA	
0x65ba04	USER32.dll	SetPropA	
0x65ba08	USER32.dll	UnhookWindowsHookEx	
0x65ba0c	USER32.dll	GetAsyncKeyState	
0x65ba10	USER32.dll	CallWindowProcA	
0x65ba14	USER32.dll	RemovePropA	
0x65ba18	USER32.dll	DefWindowProcA	
0x65ba1c	USER32.dll	GetMessageTime	
0x65ba20	USER32.dll	GetMessagePos	
0x65ba24	USER32.dll	SetWindowLongA	
0x65ba28	USER32.dll	SetWindowPos	
0x65ba2c	USER32.dll	OffsetRect	
0x65ba30	USER32.dll	IntersectRect	
0x65ba34	USER32.dll	SystemParametersInfoA	
0x65ba38	USER32.dll	GetWindowPlacement	
0x65ba3c	USER32.dll	OpenIcon	
0x65ba40	USER32.dll	CloseWindow	
0x65ba44	USER32.dll	LoadIconA	
0x65ba48	USER32.dll	LoadCursorA	
0x65ba4c	USER32.dll	PostThreadMessageA	
0x65ba50	USER32.dll	SetScrollRange	
0x65ba54	USER32.dll	GetScrollRange	
0x65ba58	USER32.dll	SetScrollPos	
0x65ba5c	USER32.dll	GetScrollPos	
0x65ba60	USER32.dll	MapDialogRect	
0x65ba64	USER32.dll	EnableWindow	
0x65ba68	USER32.dll	GetWindowContextHelpId	
0x65ba6c	USER32.dll	SetWindowContextHelpId	
0x65ba70	USER32.dll	SendNotifyMessageA	
0x65ba74	USER32.dll	GetForegroundWindow	
0x65ba78	USER32.dll	SetForegroundWindow	
0x65ba7c	USER32.dll	ShowCaret	
0x65ba80	USER32.dll	HideCaret	
0x65ba84	USER32.dll	SetCaretPos	
0x65ba88	USER32.dll	GetCaretPos	
0x65ba8c	USER32.dll	CreateCaret	
0x65ba90	USER32.dll	GetClipboardViewer	
0x65ba94	USER32.dll	GetClipboardOwner	
0x65ba98	USER32.dll	GetOpenClipboardWindow	
0x65ba9c	USER32.dll	OpenClipboard	
0x65baa0	USER32.dll	SetClipboardViewer	
0x65baa4	USER32.dll	ChangeClipboardChain	
0x65baa8	USER32.dll	FlashWindow	
0x65baac	USER32.dll	WindowFromPoint	
0x65bab0	USER32.dll	SetParent	
0x65bab4	USER32.dll	GetParent	
0x65bab8	USER32.dll	IsChild	
0x65babc	USER32.dll	GetLastActivePopup	
0x65bac0	USER32.dll	GetWindow	
0x65bac4	USER32.dll	GetTopWindow	
0x65bac8	USER32.dll	FindWindowExA	
0x65bacc	USER32.dll	FindWindowA	
0x65bad0	USER32.dll	ChildWindowFromPointEx	
0x65bad4	USER32.dll	ChildWindowFromPoint	
0x65bad8	USER32.dll	ShowScrollBar	
0x65badc	USER32.dll	GetNextDlgTabItem	
0x65bae0	USER32.dll	GetNextDlgGroupItem	
0x65bae4	USER32.dll	DlgDirSelectComboBoxExA	
0x65bae8	USER32.dll	DlgDirSelectExA	
0x65baec	USER32.dll	DlgDirListComboBoxA	
0x65baf0	USER32.dll	DlgDirListA	
0x65baf4	USER32.dll	GetDesktopWindow	
0x65baf8	USER32.dll	GetFocus	
0x65bafc	USER32.dll	SetCapture	
0x65bb00	USER32.dll	GetCapture	
0x65bb04	USER32.dll	CharLowerW	
0x65bb08	USER32.dll	CharLowerA	
0x65bb0c	USER32.dll	CharUpperW	
0x65bb10	USER32.dll	MsgWaitForMultipleObjects	
0x65bb14	USER32.dll	IsWindowUnicode	
0x65bb18	USER32.dll	GetMessageW	
0x65bb1c	USER32.dll	DispatchMessageW	
0x65bb20	USER32.dll	SubtractRect	
0x65bb24	USER32.dll	SetActiveWindow	
0x65bb28	USER32.dll	GetActiveWindow	
0x65bb2c	USER32.dll	DrawCaption	
0x65bb30	USER32.dll	DrawAnimatedRects	
0x65bb34	USER32.dll	EnableScrollBar	
0x65bb38	USER32.dll	RedrawWindow	
0x65bb3c	USER32.dll	LockWindowUpdate	
0x65bb40	USER32.dll	GetDCEx	
0x65bb44	USER32.dll	ShowOwnedPopups	
0x65bb48	USER32.dll	IsWindowVisible	
0x65bb4c	USER32.dll	ValidateRgn	
0x65bb50	USER32.dll	ValidateRect	
0x65bb54	USER32.dll	InvalidateRgn	
0x65bb58	USER32.dll	InvalidateRect	
0x65bb5c	USER32.dll	GetUpdateRgn	
0x65bb60	USER32.dll	GetUpdateRect	
0x65bb64	USER32.dll	UpdateWindow	
0x65bb68	USER32.dll	ReleaseDC	
0x65bb6c	USER32.dll	GetWindowDC	
0x65bb70	USER32.dll	GetDC	
0x65bb74	USER32.dll	EndPaint	
0x65bb78	USER32.dll	DestroyMenu	
0x65bb7c	USER32.dll	GetClipboardFormatNameA	
0x65bb80	USER32.dll	UnpackDDElParam	
0x65bb84	USER32.dll	SetRectEmpty	
0x65bb88	USER32.dll	ReleaseCapture	
0x65bb8c	USER32.dll	CopyAcceleratorTableA	
0x65bb90	USER32.dll	GetDialogBaseUnits	
0x65bb94	USER32.dll	LoadAcceleratorsA	
0x65bb98	USER32.dll	DestroyIcon	
0x65bb9c	USER32.dll	TranslateAcceleratorA	
0x65bba0	USER32.dll	ReuseDDElParam	
0x65bba4	USER32.dll	UnregisterClassA	
0x65bba8	USER32.dll	InSendMessage	
0x65bbac	USER32.dll	IsClipboardFormatAvailable	
0x65bbb0	USER32.dll	WaitMessage	
0x65bbb4	USER32.dll	IsRectEmpty	
0x65bbb8	USER32.dll	GetPropA	
0x65bbbc	USER32.dll	UnionRect	
0x65bbc0	USER32.dll	InflateRect	
0x65bbc4	USER32.dll	SetRect	
0x65bbc8	USER32.dll	PtInRect	
0x65bbcc	USER32.dll	CharUpperA	
0x65bbd0	USER32.dll	PostMessageA	
0x65bbd4	USER32.dll	LoadImageA	
0x65bbd8	USER32.dll	GetSystemMetrics	
0x65bbdc	USER32.dll	GetCursorPos	
0x65bbe0	USER32.dll	SetTimer	
0x65bbe4	USER32.dll	KillTimer	
0x65bbe8	USER32.dll	MessageBoxA	
0x65bbec	USER32.dll	GetWindowLongA	
0x65bbf0	USER32.dll	GetKeyState	
0x65bbf4	USER32.dll	DispatchMessageA	
0x65bbf8	USER32.dll	TranslateMessage	
0x65bbfc	USER32.dll	MessageBeep	
0x65bc00	USER32.dll	GetMenuItemID	
0x65bc04	USER32.dll	InsertMenuA	
0x65bc08	USER32.dll	AppendMenuA	
0x65bc0c	USER32.dll	GetMenuStringA	
0x65bc10	USER32.dll	GetMenuState	
0x65bc14	USER32.dll	GetSubMenu	
0x65bc18	USER32.dll	GetMenuItemCount	
0x65bc1c	USER32.dll	IsMenu	
0x65bc20	USER32.dll	RemoveMenu	
0x65bc24	USER32.dll	SendMessageA	
0x65bc28	USER32.dll	IsWindow	
0x65bc2c	USER32.dll	DragDetect	
0x65bc30	USER32.dll	GetMenu	
0x65bc34	USER32.dll	SetMenu	
0x65bc38	USER32.dll	DrawMenuBar	
0x65bc3c	USER32.dll	GetSystemMenu	
0x65bc40	USER32.dll	HiliteMenuItem	
0x65bc44	USER32.dll	IsIconic	
0x65bc48	USER32.dll	IsZoomed	
0x65bc4c	USER32.dll	ArrangeIconicWindows	
0x65bc50	USER32.dll	SetWindowRgn	
0x65bc54	USER32.dll	GetWindowRgn	
0x65bc58	USER32.dll	BringWindowToTop	
0x65bc5c	USER32.dll	GetWindowRect	
0x65bc60	USER32.dll	GetClientRect	
0x65bc64	USER32.dll	MapWindowPoints	
0x65bc68	USER32.dll	ClientToScreen	
0x65bc6c	USER32.dll	ScreenToClient	
0x65bc70	USER32.dll	BeginPaint	
0x65bc74	USER32.dll	SetMenuContextHelpId	
0x65b060	GDI32.dll	RealizePalette	
0x65b064	GDI32.dll	UpdateColors	
0x65b068	GDI32.dll	GetBkColor	
0x65b06c	GDI32.dll	GetBkMode	
0x65b070	GDI32.dll	GetPolyFillMode	
0x65b074	GDI32.dll	GetROP2	
0x65b078	GDI32.dll	GetStretchBltMode	
0x65b07c	GDI32.dll	GetTextColor	
0x65b080	GDI32.dll	GetMapMode	
0x65b084	GDI32.dll	GetGraphicsMode	
0x65b088	GDI32.dll	GetWorldTransform	
0x65b08c	GDI32.dll	GetViewportOrgEx	
0x65b090	GDI32.dll	GetViewportExtEx	
0x65b094	GDI32.dll	GetWindowOrgEx	
0x65b098	GDI32.dll	GetWindowExtEx	
0x65b09c	GDI32.dll	DPtoLP	
0x65b0a0	GDI32.dll	LPtoDP	
0x65b0a4	GDI32.dll	FillRgn	
0x65b0a8	GDI32.dll	FrameRgn	
0x65b0ac	GDI32.dll	InvertRgn	
0x65b0b0	GDI32.dll	PaintRgn	
0x65b0b4	GDI32.dll	PtVisible	
0x65b0b8	GDI32.dll	RectVisible	
0x65b0bc	GDI32.dll	GetCurrentPositionEx	
0x65b0c0	GDI32.dll	Arc	
0x65b0c4	GDI32.dll	Polyline	
0x65b0c8	GDI32.dll	Chord	
0x65b0cc	GDI32.dll	Ellipse	
0x65b0d0	GDI32.dll	Pie	
0x65b0d4	GDI32.dll	Polygon	
0x65b0d8	GDI32.dll	PolyPolygon	
0x65b0dc	GDI32.dll	Rectangle	
0x65b0e0	GDI32.dll	RoundRect	
0x65b0e4	GDI32.dll	PatBlt	
0x65b0e8	GDI32.dll	BitBlt	
0x65b0ec	GDI32.dll	StretchBlt	
0x65b0f0	GDI32.dll	GetPixel	
0x65b0f4	GDI32.dll	SetPixel	
0x65b0f8	GDI32.dll	FloodFill	
0x65b0fc	GDI32.dll	ExtFloodFill	
0x65b100	GDI32.dll	TextOutA	
0x65b104	GDI32.dll	GetTextExtentPoint32A	
0x65b108	GDI32.dll	GetTextAlign	
0x65b10c	GDI32.dll	GetTextFaceA	
0x65b110	GDI32.dll	GetTextMetricsA	
0x65b114	GDI32.dll	GetTextCharacterExtra	
0x65b118	GDI32.dll	GetCharWidthA	
0x65b11c	GDI32.dll	GetFontLanguageInfo	
0x65b120	GDI32.dll	GetCharacterPlacementA	
0x65b124	GDI32.dll	GetAspectRatioFilterEx	
0x65b128	GDI32.dll	Escape	
0x65b12c	GDI32.dll	SetBoundsRect	
0x65b130	GDI32.dll	GetBoundsRect	
0x65b134	GDI32.dll	ResetDCA	
0x65b138	GDI32.dll	GetOutlineTextMetricsA	
0x65b13c	GDI32.dll	GetCharABCWidthsA	
0x65b140	GDI32.dll	GetFontData	
0x65b144	GDI32.dll	GetKerningPairsA	
0x65b148	GDI32.dll	GetGlyphOutlineA	
0x65b14c	GDI32.dll	StartDocA	
0x65b150	GDI32.dll	StartPage	
0x65b154	GDI32.dll	EndPage	
0x65b158	GDI32.dll	SetAbortProc	
0x65b15c	GDI32.dll	AbortDoc	
0x65b160	GDI32.dll	EndDoc	
0x65b164	GDI32.dll	MaskBlt	
0x65b168	GDI32.dll	PlgBlt	
0x65b16c	GDI32.dll	SetPixelV	
0x65b170	GDI32.dll	AngleArc	
0x65b174	GDI32.dll	GetArcDirection	
0x65b178	GDI32.dll	PolyPolyline	
0x65b17c	GDI32.dll	GetColorAdjustment	
0x65b180	GDI32.dll	GetCurrentObject	
0x65b184	GDI32.dll	PolyBezier	
0x65b188	GDI32.dll	DrawEscape	
0x65b18c	GDI32.dll	ExtEscape	
0x65b190	GDI32.dll	GetCharABCWidthsFloatA	
0x65b194	GDI32.dll	GetCharWidthFloatA	
0x65b198	GDI32.dll	AbortPath	
0x65b19c	GDI32.dll	BeginPath	
0x65b1a0	GDI32.dll	CloseFigure	
0x65b1a4	GDI32.dll	EndPath	
0x65b1a8	GDI32.dll	FillPath	
0x65b1ac	GDI32.dll	FlattenPath	
0x65b1b0	GDI32.dll	GetMiterLimit	
0x65b1b4	GDI32.dll	GetPath	
0x65b1b8	GDI32.dll	SetMiterLimit	
0x65b1bc	GDI32.dll	StrokeAndFillPath	
0x65b1c0	GDI32.dll	StrokePath	
0x65b1c4	GDI32.dll	GetNearestColor	
0x65b1c8	GDI32.dll	GdiComment	
0x65b1cc	GDI32.dll	PlayEnhMetaFile	
0x65b1d0	GDI32.dll	DeleteObject	
0x65b1d4	GDI32.dll	DeleteDC	
0x65b1d8	GDI32.dll	SaveDC	
0x65b1dc	GDI32.dll	RestoreDC	
0x65b1e0	GDI32.dll	SelectPalette	
0x65b1e4	GDI32.dll	SetBkMode	
0x65b1e8	GDI32.dll	SetPolyFillMode	
0x65b1ec	GDI32.dll	SetROP2	
0x65b1f0	GDI32.dll	SetStretchBltMode	
0x65b1f4	GDI32.dll	SetGraphicsMode	
0x65b1f8	GDI32.dll	SetWorldTransform	
0x65b1fc	GDI32.dll	ModifyWorldTransform	
0x65b200	GDI32.dll	SetMapMode	
0x65b204	GDI32.dll	SetViewportOrgEx	
0x65b208	GDI32.dll	OffsetViewportOrgEx	
0x65b20c	GDI32.dll	SetViewportExtEx	
0x65b210	GDI32.dll	ScaleViewportExtEx	
0x65b214	GDI32.dll	SetWindowOrgEx	
0x65b218	GDI32.dll	OffsetWindowOrgEx	
0x65b21c	GDI32.dll	SetWindowExtEx	
0x65b220	GDI32.dll	ScaleWindowExtEx	
0x65b224	GDI32.dll	SelectClipRgn	
0x65b228	GDI32.dll	ExcludeClipRect	
0x65b22c	GDI32.dll	IntersectClipRect	
0x65b230	GDI32.dll	OffsetClipRgn	
0x65b234	GDI32.dll	MoveToEx	
0x65b238	GDI32.dll	LineTo	
0x65b23c	GDI32.dll	SetTextAlign	
0x65b240	GDI32.dll	SetTextJustification	
0x65b244	GDI32.dll	SetTextCharacterExtra	
0x65b248	GDI32.dll	SetMapperFlags	
0x65b24c	GDI32.dll	ArcTo	
0x65b250	GDI32.dll	SetArcDirection	
0x65b254	GDI32.dll	PolyDraw	
0x65b258	GDI32.dll	PolylineTo	
0x65b25c	GDI32.dll	SetColorAdjustment	
0x65b260	GDI32.dll	PolyBezierTo	
0x65b264	GDI32.dll	GetClipRgn	
0x65b268	GDI32.dll	SelectClipPath	
0x65b26c	GDI32.dll	ExtSelectClipRgn	
0x65b270	GDI32.dll	PlayMetaFileRecord	
0x65b274	GDI32.dll	EnumMetaFile	
0x65b278	GDI32.dll	PlayMetaFile	
0x65b27c	GDI32.dll	StretchDIBits	
0x65b280	GDI32.dll	EnumFontFamiliesExA	
0x65b284	GDI32.dll	DeleteMetaFile	
0x65b288	GDI32.dll	SelectObject	
0x65b28c	GDI32.dll	EnumObjects	
0x65b290	GDI32.dll	SetBrushOrgEx	
0x65b294	GDI32.dll	GetBrushOrgEx	
0x65b298	GDI32.dll	CreatePolyPolygonRgn	
0x65b29c	GDI32.dll	CreateCompatibleDC	
0x65b2a0	GDI32.dll	CreateICA	
0x65b2a4	GDI32.dll	RectInRegion	
0x65b2a8	GDI32.dll	PtInRegion	
0x65b2ac	GDI32.dll	GetRgnBox	
0x65b2b0	GDI32.dll	OffsetRgn	
0x65b2b4	GDI32.dll	EqualRgn	
0x65b2b8	GDI32.dll	CombineRgn	
0x65b2bc	GDI32.dll	SetRectRgn	
0x65b2c0	GDI32.dll	GetRegionData	
0x65b2c4	GDI32.dll	ExtCreateRegion	
0x65b2c8	GDI32.dll	PathToRegion	
0x65b2cc	GDI32.dll	CreateBitmapIndirect	
0x65b2d0	GDI32.dll	SetBitmapBits	
0x65b2d4	GDI32.dll	GetBitmapBits	
0x65b2d8	GDI32.dll	SetBitmapDimensionEx	
0x65b2dc	GDI32.dll	CreatePolygonRgn	
0x65b2e0	GDI32.dll	CreateEllipticRgnIndirect	
0x65b2e4	GDI32.dll	CreateEllipticRgn	
0x65b2e8	GDI32.dll	CreateRectRgnIndirect	
0x65b2ec	GDI32.dll	CreateRectRgn	
0x65b2f0	GDI32.dll	ResizePalette	
0x65b2f4	GDI32.dll	GetNearestPaletteIndex	
0x65b2f8	GDI32.dll	AnimatePalette	
0x65b2fc	GDI32.dll	SetPaletteEntries	
0x65b300	GDI32.dll	GetPaletteEntries	
0x65b304	GDI32.dll	CreateHalftonePalette	
0x65b308	GDI32.dll	CreatePalette	
0x65b30c	GDI32.dll	CreateDiscardableBitmap	
0x65b310	GDI32.dll	CopyMetaFileA	
0x65b314	GDI32.dll	CreateDCA	
0x65b318	GDI32.dll	GetDeviceCaps	
0x65b31c	GDI32.dll	GetDCOrgEx	
0x65b320	GDI32.dll	GetClipBox	
0x65b324	GDI32.dll	SetTextColor	
0x65b328	GDI32.dll	SetBkColor	
0x65b32c	GDI32.dll	GetObjectA	
0x65b330	GDI32.dll	CreateMetaFileA	
0x65b334	GDI32.dll	CloseMetaFile	
0x65b338	GDI32.dll	CreateEnhMetaFileA	
0x65b33c	GDI32.dll	CloseEnhMetaFile	
0x65b340	GDI32.dll	ExtTextOutA	
0x65b344	GDI32.dll	CreateBitmap	
0x65b348	GDI32.dll	GetStockObject	
0x65b34c	GDI32.dll	UnrealizeObject	
0x65b350	GDI32.dll	GetObjectType	
0x65b354	GDI32.dll	CreatePen	
0x65b358	GDI32.dll	CreatePenIndirect	
0x65b35c	GDI32.dll	ExtCreatePen	
0x65b360	GDI32.dll	CreateSolidBrush	
0x65b364	GDI32.dll	CreateHatchBrush	
0x65b368	GDI32.dll	CreateBrushIndirect	
0x65b36c	GDI32.dll	CreatePatternBrush	
0x65b370	GDI32.dll	CreateDIBPatternBrushPt	
0x65b374	GDI32.dll	CreateFontIndirectA	
0x65b378	GDI32.dll	CreateFontA	
0x65b37c	GDI32.dll	GetBitmapDimensionEx	
0x65b380	GDI32.dll	WidenPath	
0x65b384	GDI32.dll	CreateCompatibleBitmap	
0x65b388	GDI32.dll	CreateRoundRectRgn	
0x65bd28	comdlg32.dll	GetFileTitleA	
0x65bd2c	comdlg32.dll	GetOpenFileNameA	
0x65bc94	WINSPOOL.DRV	OpenPrinterA	
0x65bc98	WINSPOOL.DRV	DocumentPropertiesA	
0x65bc9c	WINSPOOL.DRV	ClosePrinter	
0x65bca0	WINSPOOL.DRV	GetJobA	
0x65b000	ADVAPI32.dll	OpenThreadToken	
0x65b004	ADVAPI32.dll	SetThreadToken	
0x65b008	ADVAPI32.dll	GetFileSecurityA	
0x65b00c	ADVAPI32.dll	SetFileSecurityA	
0x65b010	ADVAPI32.dll	RegCreateKeyA	
0x65b014	ADVAPI32.dll	RegDeleteValueA	
0x65b018	ADVAPI32.dll	RegSetValueExA	
0x65b01c	ADVAPI32.dll	RegCreateKeyExA	
0x65b020	ADVAPI32.dll	RegDeleteKeyA	
0x65b024	ADVAPI32.dll	RegEnumKeyA	
0x65b028	ADVAPI32.dll	RegQueryValueA	
0x65b02c	ADVAPI32.dll	RegOpenKeyExA	
0x65b030	ADVAPI32.dll	RegQueryValueExA	
0x65b034	ADVAPI32.dll	RegOpenKeyA	
0x65b038	ADVAPI32.dll	RegSetValueA	
0x65b03c	ADVAPI32.dll	CryptAcquireContextA	
0x65b040	ADVAPI32.dll	CryptGenRandom	
0x65b044	ADVAPI32.dll	CryptReleaseContext	
0x65b048	ADVAPI32.dll	OpenProcessToken	
0x65b04c	ADVAPI32.dll	RegOpenKeyExW	
0x65b050	ADVAPI32.dll	RegCloseKey	
0x65b054	ADVAPI32.dll	RegQueryValueExW	
0x65b058	ADVAPI32.dll	RevertToSelf	
0x65b858	SHELL32.dll	ExtractIconA	
0x65b85c	SHELL32.dll	SHGetPathFromIDListA	
0x65b860	SHELL32.dll	SHBrowseForFolderA	
0x65b864	SHELL32.dll	ShellExecuteA	
0x65b868	SHELL32.dll	DragAcceptFiles	
0x65b86c	SHELL32.dll	SHGetFileInfoA	
0x65b870	SHELL32.dll	DragFinish	
0x65b874	SHELL32.dll	DragQueryFileA	
0x65b878	SHELL32.dll	SHGetMalloc	
0x65b880	SHLWAPI.dll	PathRenameExtensionA	
0x65b884	SHLWAPI.dll	PathFindExtensionA	
0x65b888	SHLWAPI.dll	PathRemoveExtensionA	
0x65b88c	SHLWAPI.dll	PathIsUNCA	
0x65b890	SHLWAPI.dll	PathStripToRootA	
0x65b894	SHLWAPI.dll	PathFindFileNameA	
0x65b898	SHLWAPI.dll	PathRemoveFileSpecA	
0x65beac	oledlg.dll	ord_3	3
0x65beb0	oledlg.dll	ord_7	7
0x65beb4	oledlg.dll	ord_6	6
0x65beb8	oledlg.dll	ord_5	5
0x65bebc	oledlg.dll	ord_9	9
0x65bec0	oledlg.dll	ord_4	4
0x65bec4	oledlg.dll	ord_8	8
0x65bd7c	ole32.dll	OleRegGetUserType	
0x65bd80	ole32.dll	WriteClassStg	
0x65bd84	ole32.dll	WriteFmtUserTypeStg	
0x65bd88	ole32.dll	SetConvertStg	
0x65bd8c	ole32.dll	CreateBindCtx	
0x65bd90	ole32.dll	CreateILockBytesOnHGlobal	
0x65bd94	ole32.dll	OleDuplicateData	
0x65bd98	ole32.dll	CreateStreamOnHGlobal	
0x65bd9c	ole32.dll	ReadFmtUserTypeStg	
0x65bda0	ole32.dll	StgCreateDocfile	
0x65bda4	ole32.dll	CoRegisterMessageFilter	
0x65bda8	ole32.dll	CoRegisterClassObject	
0x65bdac	ole32.dll	CoRevokeClassObject	
0x65bdb0	ole32.dll	OleIsCurrentClipboard	
0x65bdb4	ole32.dll	OleSetClipboard	
0x65bdb8	ole32.dll	OleFlushClipboard	
0x65bdbc	ole32.dll	CreateItemMoniker	
0x65bdc0	ole32.dll	CreateGenericComposite	
0x65bdc4	ole32.dll	CreateFileMoniker	
0x65bdc8	ole32.dll	GetClassFile	
0x65bdcc	ole32.dll	ReadClassStg	
0x65bdd0	ole32.dll	CoLockObjectExternal	
0x65bdd4	ole32.dll	GetRunningObjectTable	
0x65bdd8	ole32.dll	IsAccelerator	
0x65bddc	ole32.dll	OleTranslateAccelerator	
0x65bde0	ole32.dll	CreateDataAdviseHolder	
0x65bde4	ole32.dll	CreateOleAdviseHolder	
0x65bde8	ole32.dll	OleDestroyMenuDescriptor	
0x65bdec	ole32.dll	OleCreateMenuDescriptor	
0x65bdf0	ole32.dll	OleRegGetMiscStatus	
0x65bdf4	ole32.dll	OleRegEnumVerbs	
0x65bdf8	ole32.dll	DoDragDrop	
0x65bdfc	ole32.dll	OleSetMenuDescriptor	
0x65be00	ole32.dll	OleGetClipboard	
0x65be04	ole32.dll	OleQueryLinkFromData	
0x65be08	ole32.dll	OleQueryCreateFromData	
0x65be0c	ole32.dll	OleIsRunning	
0x65be10	ole32.dll	OleSaveToStream	
0x65be14	ole32.dll	WriteClassStm	
0x65be18	ole32.dll	OleGetIconOfClass	
0x65be1c	ole32.dll	GetHGlobalFromILockBytes	
0x65be20	ole32.dll	StringFromCLSID	
0x65be24	ole32.dll	CoTreatAsClass	
0x65be28	ole32.dll	CoTaskMemAlloc	
0x65be2c	ole32.dll	ReleaseStgMedium	
0x65be30	ole32.dll	OleInitialize	
0x65be34	ole32.dll	OleUninitialize	
0x65be38	ole32.dll	CoFreeUnusedLibraries	
0x65be3c	ole32.dll	CLSIDFromProgID	
0x65be40	ole32.dll	CLSIDFromString	
0x65be44	ole32.dll	CoDisconnectObject	
0x65be48	ole32.dll	CoCreateInstance	
0x65be4c	ole32.dll	StringFromGUID2	
0x65be50	ole32.dll	OleRun	
0x65be54	ole32.dll	CoGetClassObject	
0x65be58	ole32.dll	StgOpenStorageOnILockBytes	
0x65be5c	ole32.dll	CoGetMalloc	
0x65be60	ole32.dll	StgIsStorageILockBytes	
0x65be64	ole32.dll	OleSave	
0x65be68	ole32.dll	OleLoad	
0x65be6c	ole32.dll	OleCreate	
0x65be70	ole32.dll	StgCreateDocfileOnILockBytes	
0x65be74	ole32.dll	OleCreateLinkToFile	
0x65be78	ole32.dll	OleCreateFromFile	
0x65be7c	ole32.dll	CoUnmarshalInterface	
0x65be80	ole32.dll	CoMarshalInterface	
0x65be84	ole32.dll	CoReleaseMarshalData	
0x65be88	ole32.dll	OleCreateStaticFromData	
0x65be8c	ole32.dll	OleCreateLinkFromData	
0x65be90	ole32.dll	OleCreateFromData	
0x65be94	ole32.dll	OleSetContainedObject	
0x65be98	ole32.dll	OleLockRunning	
0x65be9c	ole32.dll	StgIsStorageFile	
0x65bea0	ole32.dll	StgOpenStorage	
0x65bea4	ole32.dll	CoTaskMemFree	
0x65b79c	OLEAUT32.dll	SafeArrayCopy	27
0x65b7a0	OLEAUT32.dll	OleLoadPicture	418
0x65b7a4	OLEAUT32.dll	SysStringLen	7
0x65b7a8	OLEAUT32.dll	SysAllocStringByteLen	150
0x65b7ac	OLEAUT32.dll	SysStringByteLen	149
0x65b7b0	OLEAUT32.dll	SysFreeString	6
0x65b7b4	OLEAUT32.dll	VariantClear	9
0x65b7b8	OLEAUT32.dll	VariantChangeType	12
0x65b7bc	OLEAUT32.dll	VariantInit	8
0x65b7c0	OLEAUT32.dll	SysAllocStringLen	4
0x65b7c4	OLEAUT32.dll	OleCreateFontIndirect	420
0x65b7c8	OLEAUT32.dll	SafeArrayGetDim	17
0x65b7cc	OLEAUT32.dll	SafeArrayGetElemsize	18
0x65b7d0	OLEAUT32.dll	SafeArrayUnaccessData	24
0x65b7d4	OLEAUT32.dll	SafeArrayAccessData	23
0x65b7d8	OLEAUT32.dll	SafeArrayGetUBound	19
0x65b7dc	OLEAUT32.dll	SafeArrayGetLBound	20
0x65b7e0	OLEAUT32.dll	SafeArrayRedim	40
0x65b7e4	OLEAUT32.dll	SafeArrayCreate	15
0x65b7e8	OLEAUT32.dll	VariantCopy	10
0x65b7ec	OLEAUT32.dll	SysReAllocStringLen	5
0x65b7f0	OLEAUT32.dll	VarCyFromStr	104
0x65b7f4	OLEAUT32.dll	VarBstrFromCy	113
0x65b7f8	OLEAUT32.dll	SystemTimeToVariantTime	184
0x65b7fc	OLEAUT32.dll	SafeArrayAllocData	37
0x65b800	OLEAUT32.dll	SafeArrayAllocDescriptor	36
0x65b804	OLEAUT32.dll	SafeArrayGetElement	25
0x65b808	OLEAUT32.dll	SafeArrayPtrOfIndex	148
0x65b80c	OLEAUT32.dll	SafeArrayPutElement	26
0x65b810	OLEAUT32.dll	SafeArrayLock	21
0x65b814	OLEAUT32.dll	SafeArrayUnlock	22
0x65b818	OLEAUT32.dll	SafeArrayDestroy	16
0x65b81c	OLEAUT32.dll	SafeArrayDestroyData	39
0x65b820	OLEAUT32.dll	SafeArrayDestroyDescriptor	38
0x65b824	OLEAUT32.dll	VarBstrFromDec	232
0x65b828	OLEAUT32.dll	VarDecFromStr	197
0x65b82c	OLEAUT32.dll	VarDateFromStr	94
0x65b830	OLEAUT32.dll	VarBstrFromDate	114
0x65b834	OLEAUT32.dll	SysAllocString	2
0x65b838	OLEAUT32.dll	LoadTypeLib	161
0x65b83c	OLEAUT32.dll	DosDateTimeToVariantTime	14
0x65b840	OLEAUT32.dll	VariantTimeToSystemTime	185
0x65b844	OLEAUT32.dll	VarUdateFromDate	331
0x65b848	OLEAUT32.dll	VarDateFromUdate	330
0x65bca8	WS2_32.dll	WSACleanup	116
0x65bcac	WS2_32.dll	inet_ntoa	12
0x65bcb0	WS2_32.dll	WSASendTo	
0x65bcb4	WS2_32.dll	WSARecvFrom	
0x65bcb8	WS2_32.dll	select	18
0x65bcbc	WS2_32.dll	WSAIoctl	
0x65bcc0	WS2_32.dll	WSADuplicateSocketW	
0x65bcc4	WS2_32.dll	getpeername	5
0x65bcc8	WS2_32.dll	getsockname	6
0x65bccc	WS2_32.dll	bind	2
0x65bcd0	WS2_32.dll	listen	13
0x65bcd4	WS2_32.dll	ioctlsocket	10
0x65bcd8	WS2_32.dll	socket	23
0x65bcdc	WS2_32.dll	getsockopt	7
0x65bce0	WS2_32.dll	WSARecv	
0x65bce4	WS2_32.dll	WSASend	
0x65bce8	WS2_32.dll	WSASocketW	
0x65bcec	WS2_32.dll	connect	4
0x65bcf0	WS2_32.dll	setsockopt	21
0x65bcf4	WS2_32.dll	WSAGetLastError	111
0x65bcf8	WS2_32.dll	ntohs	15
0x65bcfc	WS2_32.dll	shutdown	22
0x65bd00	WS2_32.dll	WSASetLastError	112
0x65bd04	WS2_32.dll	closesocket	3
0x65bd08	WS2_32.dll	ntohl	14
0x65bd0c	WS2_32.dll	htons	9
0x65bd10	WS2_32.dll	htonl	8
0x65bd14	WS2_32.dll	gethostbyname	52
0x65bd18	WS2_32.dll	gethostname	57
0x65bd1c	WS2_32.dll	inet_addr	11
0x65bd20	WS2_32.dll	WSAStartup	115
0x65bd34	gdiplus.dll	GdipLoadImageFromStreamICM	
0x65bd38	gdiplus.dll	GdipLoadImageFromStream	
0x65bd3c	gdiplus.dll	GdipCreateBitmapFromFileICM	
0x65bd40	gdiplus.dll	GdipCreateBitmapFromFile	
0x65bd44	gdiplus.dll	GdipDrawImageRectI	
0x65bd48	gdiplus.dll	GdipDeleteGraphics	
0x65bd4c	gdiplus.dll	GdipCloneImage	
0x65bd50	gdiplus.dll	GdipDisposeImage	
0x65bd54	gdiplus.dll	GdipLoadImageFromFileICM	
0x65bd58	gdiplus.dll	GdipLoadImageFromFile	
0x65bd5c	gdiplus.dll	GdipCreateFromHDC	
0x65bd60	gdiplus.dll	GdipAlloc	
0x65bd64	gdiplus.dll	GdipFree	
0x65bd68	gdiplus.dll	GdiplusStartup	
0x65bd6c	gdiplus.dll	GdiplusShutdown	
0x65bc84	VERSION.dll	GetFileVersionInfoSizeA	
0x65bc88	VERSION.dll	GetFileVersionInfoA	
0x65bc8c	VERSION.dll	VerQueryValueA	
0x74fa04	OLEACC.dll	LresultFromObject	
0x74fa08	OLEACC.dll	AccessibleObjectFromWindow	
0x74fa0c	OLEACC.dll	CreateStdAccessibleObject	
