keyword	proto_id	path	depth	const_index	decoded
tab_cha	1	0.0	1	0	tab_cha
VIP	1	0.0	1	42	vip_hire_begintime
vip	1	0.0	1	42	vip_hire_begintime
NPC	1	0.0	1	1017	点击NPC可购买各类饰品装备
npc	1	0.0	1	1017	点击NPC可购买各类饰品装备
NPC	1	0.0	1	1251	点击NPC可传送到各大副本
npc	1	0.0	1	1251	点击NPC可传送到各大副本
隐藏英雄	1	0.0	1	1391	隐藏英雄，输入秘籍才能使用
赞助	1	0.0	1	1424	【赞助一】
专属	1	0.0	1	1754	专属
赞助	1	0.0	1	1828	★赞助专属英雄★;r=255;g=255;b=0;
专属	1	0.0	1	1828	★赞助专属英雄★;r=255;g=255;b=0;
赞助	1	0.0	1	2792	【赞助二】
tab_sceneobj	3	0.2	1	0	tab_sceneobj
角色	4	0.3	1	17	角色阴影
角色	4	0.3	1	35	角色阴影(彩光)
AddCha	5	0.4	1	107	skilleffaddchance
AddCha	5	0.4	1	116	atkaddchance
怪物	5	0.4	1	371	狂怒击(怪物)
怪物	5	0.4	1	398	醉卧沙场(怪物)
建筑	5	0.4	1	479	在原地召唤出2个具有范围杀伤力的龙卷风,自动攻击敌人,对魔免与建筑都有效果,召唤上限6个。
boss	5	0.4	1	486	火焰之雨(BOSS)
boss	5	0.4	1	528	召唤长枪兵(Boss)
boss	5	0.4	1	560	暗渊领域(BOSS)
角色	5	0.4	1	642	\t提高角色最大HP值\t
专属	5	0.4	1	654	杀神(新魔王专属)
怪物	5	0.4	1	667	删除怪物
怪物	5	0.4	1	810	『寒冰爆』怪物
boss	5	0.4	1	972	净化(BOSS)
怪物	5	0.4	1	1106	割裂(怪物)
怪物	5	0.4	1	1458	致命一击(怪物)
boss	5	0.4	1	1507	盗灵异术boss
boss	5	0.4	1	1518	扇刃乱舞boss
boss	5	0.4	1	1586	十字斩(BOSS)
boss	5	0.4	1	1591	扇刃boss
boss	5	0.4	1	1595	星落(BOSS)
建筑	5	0.4	1	1598	向指定区域召唤一颗陨石,在2.5秒后,陨石坠落并对范围内的敌人和建筑造成伤害,并眩晕2秒
怪物	5	0.4	1	1623	提高大乔攻击速度,并且击杀怪物增加魔法值
boss	5	0.4	1	1788	接受击杀BOSS任务
专属	5	0.4	1	2100	九幽魔王专属
boss	5	0.4	1	2314	灭世之火boss
怪物	5	0.4	1	2318	冰箭(怪物)
建筑	5	0.4	1	2377	向指定区域召唤一颗陨石,在0.5秒后,陨石坠落并对范围内的敌人和建筑造成伤害,并眩晕2秒
建筑	5	0.4	1	2430	向指定区域召唤一颗陨石,在0.5秒后,陨石坠落并对范围内的敌人和建筑造成伤害,并眩晕2.5秒
建筑	5	0.4	1	2434	向指定区域召唤一颗陨石,在0.5秒后,陨石坠落并对范围内的敌人和建筑造成伤害,并眩晕3秒
建筑	5	0.4	1	2460	1级 敏捷+10％，每次攻击附加敏捷*0.6真实伤害（对建筑造成的伤害翻倍），对魔免有效。\n2级 敏捷+20％，每次攻击附加敏捷*0.6真实伤害（对建筑造成的伤害翻倍），对魔免有效。\n3级 敏捷+30％，每次攻击附加敏捷*0.6真实伤害（对建筑造成的伤害翻倍），对魔免有效。\n4级 敏捷+40％，每次攻击附加敏捷*0.6真实伤害（对建筑造成的伤害翻倍），对魔免有效。
专属	5	0.4	1	2577	杀神(魔王专属)
boss	5	0.4	1	2983	幻影分身(boss)
boss	5	0.4	1	3020	猛虎撕裂boss
金币	5	0.4	1	3274	释放技能有33％几率增加1点智力,33％几率增加10点生命,33％几率增加200金币。
怪物	5	0.4	1	3361	小乔E(怪物)
怪物	5	0.4	1	3380	凿击(怪物)
怪物	5	0.4	1	3386	星落怪物
boss	5	0.4	1	3402	BOSS：魔免，适合战士打
boss	5	0.4	1	3449	BOSS：不魔免，每隔几秒不受伤害
怪物	5	0.4	1	3458	百步穿杨(怪物)
怪物	5	0.4	1	3507	剑气飞行(怪物)
怪物	5	0.4	1	3510	刀气贯穿(怪物)
怪物	5	0.4	1	3516	妙笔回春(怪物)
怪物	5	0.4	1	3519	提高攻击速度,并且击杀怪物增加自身的攻击力
建筑	5	0.4	1	3741	1级 15％概率造成3500点伤害，对魔免建筑都有效，弹射8次。\n2级 20％概率造成3500点伤害，对魔免建筑都有效，弹射8次。\n3级 25％概率造成3500点伤害，对魔免建筑都有效，弹射8次。\n4级 30％概率造成3500点伤害，对魔免建筑都有效，弹射8次。
建筑	5	0.4	1	3742	普通攻击有几率触发破敌箭，对魔免建筑都有效果。
怪物	5	0.4	1	3789	怪物(反弹)
怪物	5	0.4	1	3816	幻影分身（怪物）
boss	5	0.4	1	3942	BOSS：不魔免，免控，很耐揍
怪物	5	0.4	1	4182	1级 每杀死20个怪物,邪灵等级+1,最多可练就:5级邪灵,给自身带来15点全属性。\n2级 每杀死20个怪物,邪灵等级+1,最多可练就:10级邪灵,给自身带来55点全属性。\n3级 每杀死20个怪物,邪灵等级+1,最多可练就:15级邪灵,给自身带来120点全属性。\n4级 每杀死20个怪物,邪灵等级+1,最多可练就:20级邪灵,给自身带来210点全属性。
怪物	5	0.4	1	4183	每杀死20个怪物，吸收对方的灵魂并获得一个1级邪灵，每级的邪灵都增加对应的全属性(比如1级邪灵=全属性+1，2级=全属性+2...)最多20级。
boss	5	0.4	1	4309	冲锋(BOSS)
boss	5	0.4	1	4311	吸魔(BOSS)
boss	5	0.4	1	4314	剧毒兵(BOSS)
boss	5	0.4	1	4317	百分比破甲(BOSS)
boss	5	0.4	1	4320	重伤(BOSS)
boss	5	0.4	1	4329	焰击波(boss)
怪物	5	0.4	1	4332	秒杀一切怪物
boss	5	0.4	1	4411	镜像复制(boss)
boss	5	0.4	1	4635	削法(BOSS)
怪物	5	0.4	1	4651	怪物无敌(时间控制180)
boss	5	0.4	1	4872	冻结(boss)
怪物	5	0.4	1	4909	100％闪避(怪物)
建筑	5	0.4	1	5003	1级 被攻击反弹防御*1的真实伤害，对魔免和建筑有效。\n2级 被攻击反弹防御*2的真实伤害，对魔免和建筑有效。\n3级 被攻击反弹防御*3的真实伤害，对魔免和建筑有效。\n4级 被攻击反弹防御*4的真实伤害，对魔免和建筑有效。
金币	5	0.4	1	5007	1级 击杀普通单位30％概率金币+80\n2级 击杀普通单位30％概率金币+120\n3级 击杀普通单位30％概率金币+160\n4级 击杀普通单位30％概率金币+200
金币	5	0.4	1	5008	杀死普通怪物时有一定概率额外获取金币。
怪物	5	0.4	1	5008	杀死普通怪物时有一定概率额外获取金币。
怪物	5	0.4	1	5024	扔出一根巨大的骨棒,造成单体伤害,使敌人晕眩2.5秒并把目标拉到自己周围，对逐鹿势力怪物不造成拉动效果
怪物	5	0.4	1	5233	怪物无敌(时间控制165)
怪物	5	0.4	1	5257	怪物无敌(时间控制155)
怪物	5	0.4	1	5265	怪物无敌(时间控制150)
AddCha	6	0.5	1	26	AreaEff_AddChance
boss	6	0.5	1	129	接受杀BOSS任务
建筑	6	0.5	1	1018	眩晕对机械和建筑无效
怪物	6	0.5	1	1362	魔抗+75(怪物)
boss	6	0.5	1	1941	剧毒兵<BOSS>
怪物	6	0.5	1	2153	副本怪物回血
怪物	6	0.5	1	2155	怪物无敌不动
VIP	7	0.6	1	53	vip_advantage
vip	7	0.6	1	53	vip_advantage
角色	7	0.6	1	610	佩带在身上时角色可以看到周围的隐身单位，死亡后直接掉落
boss	7	0.6	1	639	任务:击杀指定BOSS
boss	7	0.6	1	640	接受任务后,以下3种办法完成:\n--------------------------\n任务1：\n接受任务进入副本『蛮荒之地』\n击杀熊(王)，可获得2000金\n有几率获得任务道具〖混〗。\n任务2：\n接受任务在攻城BOSS里\n击杀九幽小魔王,获得2000金\n有几率获得任务道具〖沌〗。\n任务3：\n接受任务进入副本『逐鹿中原』\n击杀镇邪白虎,可获得2000金\n有几率获得任务道具〖锤〗。\n--------------------------\n获得任务道具概率＝15+战神等级*1
boss	7	0.6	1	662	接受任务在攻城BOSS里\n击杀九幽小魔王,获得2000金\n有几率获得任务道具〖沌〗。\n获得道具概率＝15+战神等级*1
角色	7	0.6	1	664	向国库上缴1000金，当国库总金数到达2万时，本方所有角色会被加持战神之力，勇猛无敌
金币	7	0.6	1	1063	贪吃的小老鼠,\n击杀任意单位额外增加20金币与10经验(金币和经验额外加成战神等级*1)。\n击杀一个怪物消耗一只。
怪物	7	0.6	1	1063	贪吃的小老鼠,\n击杀任意单位额外增加20金币与10经验(金币和经验额外加成战神等级*1)。\n击杀一个怪物消耗一只。
boss	7	0.6	1	1098	装备介绍:\n一件威力巨大的兵器,根据它杀死的单位数量不断成长,击杀200个小兵或者10个BOSS提升1级,最高7级。\n附加属性:\n敏捷+40％,吸血+10％\n血刃(被动)\n8％几率造成敏捷*3的伤害,范围300,对魔免有效。\n灵魂吸收(被动):\n击杀敌人有4％几率增加1点敏捷。\n-------------------\n当前武器等级:1级\n
boss	7	0.6	1	1100	装备介绍:\n一件威力巨大的兵器,根据它杀死的单位数量不断成长,击杀200个小兵或者10个BOSS提升1级,最高7级。\n附加属性:\n敏捷+50％,吸血+15％\n血刃(被动)\n10％几率造成敏捷*3的伤害,范围300,对魔免有效。\n灵魂吸收(被动):\n击杀敌人有5％几率增加1点敏捷。\n-------------------\n当前武器等级:2级\n\n
boss	7	0.6	1	1104	装备介绍:\n一件威力巨大的兵器,根据它杀死的单位数量不断成长,击杀200个小兵或者10个BOSS提升1级,最高7级。\n附加属性:\n敏捷+60％,吸血+20％\n血刃(被动)\n12％几率造成敏捷*3的伤害,范围300,对魔免有效。\n灵魂吸收(被动):\n击杀敌人有6％几率增加1点敏捷。\n-------------------\n当前武器等级:3级\n\n
boss	7	0.6	1	1107	装备介绍:\n一件威力巨大的兵器,根据它杀死的单位数量不断成长,击杀200个小兵或者10个BOSS提升1级,最高7级。\n附加属性:\n敏捷+70％,吸血+25％\n血刃(被动)\n14％几率造成敏捷*3的伤害,范围300,对魔免有效。\n灵魂吸收(被动):\n击杀敌人有7％几率增加1点敏捷。\n-------------------\n当前武器等级:4级\n\n\n
boss	7	0.6	1	1110	装备介绍:\n一件威力巨大的兵器,根据它杀死的单位数量不断成长,击杀200个小兵或者10个BOSS提升1级,最高7级。\n附加属性:\n敏捷+80％,吸血+30％\n血刃(被动)\n16％几率造成敏捷*3的伤害,范围300,对魔免有效。\n灵魂吸收(被动):\n击杀敌人有8％几率增加1点敏捷。\n-------------------\n当前武器等级:5级
boss	7	0.6	1	1114	装备介绍:\n一件威力巨大的兵器,根据它杀死的单位数量不断成长,击杀200个小兵或者10个BOSS提升1级,最高7级。\n附加属性:\n敏捷+90％,吸血+35％\n血刃(被动)\n18％几率造成敏捷*3的伤害,范围300,对魔免有效。\n灵魂吸收(被动):\n击杀敌人有9％几率增加1点敏捷。\n-------------------\n当前武器等级:6级\n
boss	7	0.6	1	1118	装备介绍:\n一件威力巨大的兵器,根据它杀死的单位数量不断成长,击杀200个小兵或者10个BOSS提升1级,最高7级。\n附加属性:\n敏捷+100％,吸血+40％\n血刃(被动)\n20％几率造成敏捷*3的伤害,范围300,对魔免有效。\n灵魂吸收(被动):\n击杀敌人有10％几率增加1点敏捷。\n-------------------\n当前武器等级:终级\n\n
boss	7	0.6	1	1150	装备介绍:\n一件威力巨大的兵器,根据它杀死的单位数量不断成长,击杀200个小兵或者10个BOSS提升1级,最高7级。\n附加属性:\n全属性+30％\n灵魂灼烧(被动):\n普通攻击40％概率减少敌人10％物理和魔法抗性，范围300，对魔免有效。\n灵魂吸收(被动):\n击杀敌人有4％几率增加1点全属性。\n-------------------\n当前武器等级:1级\n
boss	7	0.6	1	1153	装备介绍:\n一件威力巨大的兵器,根据它杀死的单位数量不断成长,击杀200个小兵或者10个BOSS提升1级,最高7级。\n附加属性:\n全属性+35％\n灵魂灼烧(被动):\n普通攻击50％概率减少敌人10％物理和魔法抗性，范围300，对魔免有效。\n灵魂吸收(被动):\n击杀敌人有5％几率增加1点全属性。\n-------------------\n当前武器等级:2级\n
boss	7	0.6	1	1155	装备介绍:\n一件威力巨大的兵器,根据它杀死的单位数量不断成长,击杀200个小兵或者10个BOSS提升1级,最高7级。\n附加属性:\n全属性+40％\n灵魂灼烧(被动):\n普通攻击60％概率减少敌人10％物理和魔法抗性，范围300，对魔免有效。\n灵魂吸收(被动):\n击杀敌人有6％几率增加1点全属性。\n-------------------\n当前武器等级:3级\n
boss	7	0.6	1	1158	装备介绍:\n一件威力巨大的兵器,根据它杀死的单位数量不断成长,击杀200个小兵或者10个BOSS提升1级,最高7级。\n附加属性:\n全属性+45％\n灵魂灼烧(被动):\n普通攻击70％概率减少敌人10％物理和魔法抗性，范围300，对魔免有效。\n灵魂吸收(被动):\n击杀敌人有7％几率增加1点全属性。\n-------------------\n当前武器等级:4级\n
boss	7	0.6	1	1161	装备介绍:\n一件威力巨大的兵器,根据它杀死的单位数量不断成长,击杀200个小兵或者10个BOSS提升1级,最高7级。\n附加属性:\n全属性+50％\n灵魂灼烧(被动):\n普通攻击80％概率减少敌人10％物理和魔法抗性，范围300，对魔免有效。\n灵魂吸收(被动):\n击杀敌人有8％几率增加1点全属性。\n-------------------\n当前武器等级:5级\n
boss	7	0.6	1	1164	装备介绍:\n一件威力巨大的兵器,根据它杀死的单位数量不断成长,击杀200个小兵或者10个BOSS提升1级,最高7级。\n附加属性:\n全属性+55％\n灵魂灼烧(被动):\n普通攻击90％概率减少敌人10％物理和魔法抗性，范围300，对魔免有效。\n灵魂吸收(被动):\n击杀敌人有9％几率增加1点全属性。\n-------------------\n当前武器等级:6级\n
boss	7	0.6	1	1167	装备介绍:\n一件威力巨大的兵器,根据它杀死的单位数量不断成长,击杀200个小兵或者10个BOSS提升1级,最高7级。\n附加属性:\n全属性+60％\n灵魂灼烧(被动):\n普通攻击100％概率减少敌人10％物理和魔法抗性，范围300，对魔免有效。\n灵魂吸收(被动):\n击杀敌人有10％几率增加1点全属性。\n-------------------\n当前武器等级:终级
怪物	7	0.6	1	1182	★曾经沧海难为水，除却巫山不是云\n十年星雨阁，漫漫人生路，曾经的你我都已成家，回忆如同昨日，我们无法回到过去，但这份情我依然想保留，送给你也送给我自己。\n附加属性：\n全属性+50％,移动速度+50\n似水(被动)：\n击杀单位20％概率回血，恢复量等于击杀怪物的最大生命值。\n年华(被动)：\n普通攻击每秒对敌人造成最大生命值1％的伤害，对魔免有效。\n\n
boss	7	0.6	1	1194	装备介绍:\n一件威力巨大的兵器,根据它杀死的单位数量不断成长,击杀200个小兵或者10个BOSS提升1级,最高7级。\n附加属性:\n力量+40％,防御+20\n灵魂吸收(被动):\n击杀敌人时有4％几率增加1点力量。\n反弹伤害(主动):\n使用后英雄在5秒内不受伤害,并反弹自身力量*1的伤害,冷却15秒。\n-------------------\n当前武器等级:1级
boss	7	0.6	1	1196	装备介绍:\n一件威力巨大的兵器,根据它杀死的单位数量不断成长,击杀200个小兵或者10个BOSS提升1级,最高7级。\n附加属性:\n力量+50％,防御+25\n灵魂吸收(被动):\n击杀敌人时有5％几率增加1点力量。\n反弹伤害(主动):\n使用后英雄在5秒内不受伤害,并反弹自身力量*1的伤害,冷却15秒。\n-------------------\n当前武器等级:2级
boss	7	0.6	1	1199	装备介绍:\n一件威力巨大的兵器,根据它杀死的单位数量不断成长,击杀200个小兵或者10个BOSS提升1级,最高7级。\n附加属性:\n力量+60％,防御+30\n灵魂吸收(被动):\n击杀敌人时有6％几率增加1点力量。\n反弹伤害(主动):\n使用后英雄在5秒内不受伤害,并反弹自身力量*1的伤害,冷却15秒。\n-------------------\n当前武器等级:3级
boss	7	0.6	1	1202	装备介绍:\n一件威力巨大的兵器,根据它杀死的单位数量不断成长,击杀200个小兵或者10个BOSS提升1级,最高7级。\n附加属性:\n力量+70％,防御+35\n灵魂吸收(被动):\n击杀敌人时有7％几率增加1点力量。\n反弹伤害(主动):\n使用后英雄在5秒内不受伤害,并反弹自身力量*1的伤害,冷却15秒。\n-------------------\n当前武器等级:4级
boss	7	0.6	1	1205	装备介绍:\n一件威力巨大的兵器,根据它杀死的单位数量不断成长,击杀200个小兵或者10个BOSS提升1级,最高7级。\n附加属性:\n力量+80％,防御+40\n灵魂吸收(被动):\n击杀敌人时有8％几率增加1点力量。\n反弹伤害(主动):\n使用后英雄在5秒内不受伤害,并反弹自身力量*1的伤害,冷却15秒。\n-------------------\n当前武器等级:5级
boss	7	0.6	1	1208	装备介绍:\n一件威力巨大的兵器,根据它杀死的单位数量不断成长,击杀200个小兵或者10个BOSS提升1级,最高7级。\n附加属性:\n力量+90％,防御+45\n灵魂吸收(被动):\n击杀敌人时有9％几率增加1点力量。\n反弹伤害(主动):\n使用后英雄在5秒内不受伤害,并反弹自身力量*1的伤害,冷却15秒。\n-------------------\n当前武器等级:6级
boss	7	0.6	1	1211	装备介绍:\n一件威力巨大的兵器,根据它杀死的单位数量不断成长,击杀200个小兵或者10个BOSS提升1级,最高7级。\n附加属性:\n力量+100％,防御+50\n灵魂吸收(被动):\n击杀敌人时有10％几率增加1点力量。\n反弹伤害(主动):\n使用后英雄在5秒内不受伤害,并反弹自身力量*1的伤害,冷却15秒。\n-------------------\n当前武器等级:终级
怪物	7	0.6	1	1313	摄魂符:\n全属性+20\n掠夺(木):\n杀死怪物8％几率获得1木。
怪物	7	0.6	1	1431	经验:高\n金钱:低\n危险系数:无\n副本作用:\n杀死一个怪物获得大量经验。
金币	7	0.6	1	1436	经验:低\n金钱:中\n危险系数:低\n副本作用:\n攻击一次金球可获得60金币,40经验。
怪物	7	0.6	1	1523	危险系数：★★★\n介绍：\n十二星座，变幻无常，或生或死，自己选择。\n提示：\n副本怪物随着玩家的成长，而逐渐的增加属性。
怪物	7	0.6	1	1551	危险系数：★★★★★\n介绍：\n中原逐鹿之战后，遗留下来的战场遗迹，藏有无数珍宝，但也十分危险！\n提示：\n怪物异常凶猛,属性随玩家成长逐步增加。
boss	7	0.6	1	1679	装备介绍:\n一件威力巨大的兵器,根据它杀死的单位数量不断成长,击杀200个小兵或者10个BOSS提升1级,最高7级。\n附加属性:\n攻击力+40％,\n力量+40,\n敏捷+40,\n分裂+6％,\n灵魂吸收(被动):\n击杀敌人有3％几率增加1点攻击力。\n-------------------\n当前武器等级:1级
boss	7	0.6	1	1682	装备介绍:\n一件威力巨大的兵器,根据它杀死的单位数量不断成长,击杀200个小兵或者10个BOSS提升1级,最高7级。\n附加属性:\n攻击力+50％,\n力量+50,\n敏捷+50,\n分裂+10％,\n灵魂吸收(被动):\n击杀敌人5％几率增加1点攻击力。\n-------------------\n当前武器等级:2级
boss	7	0.6	1	1685	装备介绍:\n一件威力巨大的兵器,根据它杀死的单位数量不断成长,击杀200个小兵或者10个BOSS提升1级,最高7级。\n附加属性:\n攻击力+60％,\n力量+60,\n敏捷+60,\n分裂+14％,\n灵魂吸收(被动):\n击杀敌人7％几率增加1点攻击力。\n-------------------\n当前武器等级:3级
boss	7	0.6	1	1688	装备介绍:\n一件威力巨大的兵器,根据它杀死的单位数量不断成长,击杀200个小兵或者10个BOSS提升1级,最高7级。\n附加属性:\n攻击力+70％,\n力量+70,\n敏捷+70,\n分裂+18％,\n灵魂吸收(被动):\n击杀敌人9％几率增加1点攻击力。\n-------------------\n当前武器等级:4级
boss	7	0.6	1	1691	装备介绍:\n一件威力巨大的兵器,根据它杀死的单位数量不断成长,击杀200个小兵或者10个BOSS提升1级,最高7级。\n附加属性:\n攻击力+80％,\n力量+80,\n敏捷+80,\n分裂+22％,\n灵魂吸收(被动):\n击杀敌人11％几率增加1点攻击力。\n-------------------\n当前武器等级:5级
boss	7	0.6	1	1694	装备介绍:\n一件威力巨大的兵器,根据它杀死的单位数量不断成长,击杀200个小兵或者10个BOSS提升1级,最高7级。\n附加属性:\n攻击力+90％,\n力量+90,\n敏捷+90,\n分裂+26％,\n灵魂吸收(被动):\n击杀敌人13％几率增加1点攻击力。\n-------------------\n当前武器等级:6级
boss	7	0.6	1	1697	装备介绍:\n一件威力巨大的兵器,根据它杀死的单位数量不断成长,击杀200个小兵或者10个BOSS提升1级,最高7级。\n附加属性:\n攻击力+100％,\n力量+100,\n敏捷+100,\n分裂+30％,\n灵魂吸收(被动):\n击杀敌人15％几率增加1点攻击力。\n-------------------\n当前武器等级:终极
boss	7	0.6	1	1702	装备介绍:\n一件威力巨大的兵器,根据它杀死的单位数量不断成长,击杀200个小兵或者10个BOSS提升1级,最高7级。\n附加属性:\n智力+40％,魔法回复+80\n天书(被动):\n8％几率造成智力*3的伤害,范围300,对魔免有效。\n灵魂吸收(被动):\n击杀敌人时有4％几率增加1点智力。\n-------------------\n当前武器等级:1级
boss	7	0.6	1	1705	装备介绍:\n一件威力巨大的兵器,根据它杀死的单位数量不断成长,击杀200个小兵或者10个BOSS提升1级,最高7级。\n附加属性:\n智力+50％,魔法回复+100\n天书(被动):\n10％几率造成智力*3的伤害,范围300,对魔免有效。\n灵魂吸收(被动):\n击杀敌人时有5％几率增加1点智力。\n-------------------\n当前武器等级:2级
boss	7	0.6	1	1708	装备介绍:\n一件威力巨大的兵器,根据它杀死的单位数量不断成长,击杀200个小兵或者10个BOSS提升1级,最高7级。\n附加属性:\n智力+60％,魔法回复+120\n天书(被动):\n12％几率造成智力*3的伤害,范围300,对魔免有效。\n灵魂吸收(被动):\n击杀敌人时有6％几率增加1点智力。\n-------------------\n当前武器等级:3级
boss	7	0.6	1	1711	装备介绍:\n一件威力巨大的兵器,根据它杀死的单位数量不断成长,击杀200个小兵或者10个BOSS提升1级,最高7级。\n附加属性:\n智力+70％,魔法回复+140\n天书(被动):\n14％几率造成智力*3的伤害,范围300,对魔免有效。\n灵魂吸收(被动):\n击杀敌人时有7％几率增加1点智力。\n-------------------\n当前武器等级:4级
boss	7	0.6	1	1714	装备介绍:\n一件威力巨大的兵器,根据它杀死的单位数量不断成长,击杀200个小兵或者10个BOSS提升1级,最高7级。\n附加属性:\n智力+80％,魔法回复+160\n天书(被动):\n16％几率造成智力*3的伤害,范围300,对魔免有效。\n灵魂吸收(被动):\n击杀敌人时有8％几率增加1点智力。\n-------------------\n当前武器等级:5级
boss	7	0.6	1	1720	装备介绍:\n一件威力巨大的兵器,根据它杀死的单位数量不断成长,击杀200个小兵或者10个BOSS提升1级,最高7级。\n附加属性:\n智力+90％,魔法回复+180\n天书(被动):\n18％几率造成智力*3的伤害,范围300,对魔免有效。\n灵魂吸收(被动):\n击杀敌人时有9％几率增加1点智力。\n-------------------\n当前武器等级:6级
boss	7	0.6	1	1723	装备介绍:\n一件威力巨大的兵器,根据它杀死的单位数量不断成长,击杀200个小兵或者10个BOSS提升1级,最高7级。\n附加属性:\n智力+100％,魔法回复+200\n天书(被动):\n20％几率造成智力*3的伤害,范围300,对魔免有效。\n灵魂吸收(被动):\n击杀敌人时有10％几率增加1点智力。\n-------------------\n当前武器等级:终级
boss	7	0.6	1	1740	危险系数：★★★\n介绍：\n传说为远古的部落酋长。\n三皇：伏羲、神农、女娲\n五帝：黄帝、太昊、颛顼、尧、舜\n提示：\n攻击三皇五帝NPC可自助刷怪，副本藏有隐藏BOSS。
刷怪	7	0.6	1	1740	危险系数：★★★\n介绍：\n传说为远古的部落酋长。\n三皇：伏羲、神农、女娲\n五帝：黄帝、太昊、颛顼、尧、舜\n提示：\n攻击三皇五帝NPC可自助刷怪，副本藏有隐藏BOSS。
NPC	7	0.6	1	1740	危险系数：★★★\n介绍：\n传说为远古的部落酋长。\n三皇：伏羲、神农、女娲\n五帝：黄帝、太昊、颛顼、尧、舜\n提示：\n攻击三皇五帝NPC可自助刷怪，副本藏有隐藏BOSS。
npc	7	0.6	1	1740	危险系数：★★★\n介绍：\n传说为远古的部落酋长。\n三皇：伏羲、神农、女娲\n五帝：黄帝、太昊、颛顼、尧、舜\n提示：\n攻击三皇五帝NPC可自助刷怪，副本藏有隐藏BOSS。
建筑	7	0.6	1	1806	购买后可以学习此技能\n1级 被攻击反弹防御*1的真实伤害，对魔免和建筑有效。\n2级 被攻击反弹防御*2的真实伤害，对魔免和建筑有效。\n3级 被攻击反弹防御*3的真实伤害，对魔免和建筑有效。\n4级 被攻击反弹防御*4的真实伤害，对魔免和建筑有效。\n
礼包	7	0.6	1	1864	『出生大礼包』
赞助	7	0.6	1	1875	增加2点基础射程\n(赞助大使才能购买)
赞助大使	7	0.6	1	1875	增加2点基础射程\n(赞助大使才能购买)
大使	7	0.6	1	1875	增加2点基础射程\n(赞助大使才能购买)
金币	7	0.6	1	1939	购买后可以学习此技能\n1级 击杀普通单位30％概率金币+80\n2级 击杀普通单位30％概率金币+120\n3级 击杀普通单位30％概率金币+160\n4级 击杀普通单位30％概率金币+200
金币	7	0.6	1	2011	价值不菲的哦，卖给商人能获得20000金币。
刷怪	7	0.6	1	2043	魔戒试炼：\n伟大的勇士请您点击使用此道具，相信你会成功的。\n〖提示〗如果携带此道具的人不去击杀，可以一直给别人刷怪。\n〖提示〗25％几率掉落特殊宝箱,最多同时存在1只。\n〖提示〗如果携带此道具的人击杀了怪物，那么任务结束，将获得至尊魔戒。\n【人生遇到困难并不可怕，可怕的是没有勇气去战胜困难】
怪物	7	0.6	1	2043	魔戒试炼：\n伟大的勇士请您点击使用此道具，相信你会成功的。\n〖提示〗如果携带此道具的人不去击杀，可以一直给别人刷怪。\n〖提示〗25％几率掉落特殊宝箱,最多同时存在1只。\n〖提示〗如果携带此道具的人击杀了怪物，那么任务结束，将获得至尊魔戒。\n【人生遇到困难并不可怕，可怕的是没有勇气去战胜困难】
怪物	7	0.6	1	2121	危险系数：★★★\n介绍：\n狼烟起铁马金戈，昔日英雄强大怨念，足以让人感到窒息。\n提示：\n八骑将与五子良将镇守，怪物属性随玩家成长逐步增加。
怪物	7	0.6	1	2125	危险系数：★★★★\n介绍：\n以刑天，蚩尤为首的十位上古魔神，每个都拥有强大的实力。\n提示：\n怪物异常凶猛,属性随玩家成长逐步增加。
怪物	7	0.6	1	2130	危险系数：★★★★\n介绍：\n三国时期谋士聚集之地，掉落各种法师装备。\n提示：\n副本内怪物拥有60％闪避，属性随玩家成长逐步增加。\n\n
怪物	7	0.6	1	2134	危险系数：★★★\n介绍：\n烽火连天战赤壁，逐鹿中原起硝烟\n提示：\n副本内怪物魔免，属性随玩家成长逐步增加。\n
物件	8	0.7	1	356	摆放物件
建筑	9	0.8	1	64	建筑爆炸
角色	9	0.8	1	224	极冻凝结角色命中
角色	9	0.8	1	227	极冻凝结角色持续
会员	11	0.10	1	187	会员功能面板
tab_GlobalMapInfo	13	0.12	1	0	tab_GlobalMapInfo
NPC	13	0.12	1	18	GM_dNpc_exp
npc	13	0.12	1	18	GM_dNpc_exp
NPC	13	0.12	1	26	GM_sNpc_exp
npc	13	0.12	1	26	GM_sNpc_exp
NPC	13	0.12	1	38	GM_nNpc_exp
npc	13	0.12	1	38	GM_nNpc_exp
tab_UserEvent	14	0.13	1	0	tab_UserEvent
tab_UserAction	15	0.14	1	0	tab_UserAction
tab_condition	16	0.15	1	0	tab_condition
tab_MapAttr	17	0.16	1	0	tab_MapAttr
tab_UserTrigger	25	0.24	1	0	tab_UserTrigger
建筑	30	0.29	1	1727	普通建筑
物件	30	0.29	1	1960	物件
建筑	30	0.29	1	2036	基础建筑一
建筑	30	0.29	1	2038	基础建筑二
map_init	32	0.31	1	1	map_init_0000
map_init	32	0.31	1	2	map_init_0004
map_init	34	0.31.1	2	6	g_map_init_0000
tab_cha	34	0.31.1	2	10	tab_cha
tab_sceneobj	34	0.31.1	2	14	tab_sceneobj
AddSceneObj	34	0.31.1	2	21	AddSceneObj
AddCha	34	0.31.1	2	22	AddCha
map_init	38	0.31.2	2	2	g_map_init_0000
tab_cha	38	0.31.2	2	4	tab_cha
tab_sceneobj	38	0.31.2	2	8	tab_sceneobj
map_init	39	0.32	1	4	map_init
AddCha	39	0.32	1	6	map_addchar
AddSceneObj	39	0.32	1	7	map_addsceneobj
map_init	40	0.32.0	2	3	map_init_allregion
AddSceneObj	40	0.32.0	2	9	map_addsceneobj
AddCha	40	0.32.0	2	10	map_addchar
AddCha	42	0.32.2	2	0	AddCha
AddSceneObj	43	0.32.3	2	0	AddSceneObj
出兵	50	0.32.10	2	14	快速出兵
NPC	51	0.33	1	51	sNpc_exp
npc	51	0.33	1	51	sNpc_exp
NPC	51	0.33	1	52	nNpc_exp
npc	51	0.33	1	52	nNpc_exp
NPC	51	0.33	1	53	dNpc_exp
npc	51	0.33	1	53	dNpc_exp
map_init	51	0.33	1	62	tgr_map_init
怪物	51	0.33	1	236	怪物属性由以上数据自动生成。
怪物	51	0.33	1	641	下波怪物将在5秒后刷出
怪物	51	0.33	1	762	，击杀怪物金钱加成
AddCha	57	0.33.5	2	8	AddCha
CONTROL_PLAYER	57	0.33.5	2	21	CONTROL_PLAYER
CONTROL_PLAYER	58	0.33.6	2	3	CONTROL_PLAYER
CONTROL_PLAYER	102	0.33.50	2	0	CONTROL_PLAYER
CONTROL_PLAYER	106	0.33.54	2	4	CONTROL_PLAYER
CONTROL_PLAYER	121	0.33.69	2	11	CONTROL_PLAYER
AddCha	131	0.33.79	2	0	AddCha
CONTROL_PLAYER	134	0.33.82	2	3	CONTROL_PLAYER
CONTROL_PLAYER	138	0.33.86	2	3	CONTROL_PLAYER
CONTROL_PLAYER	142	0.33.90	2	3	CONTROL_PLAYER
CONTROL_PLAYER	146	0.33.94	2	3	CONTROL_PLAYER
CONTROL_PLAYER	150	0.33.98	2	3	CONTROL_PLAYER
CONTROL_PLAYER	156	0.33.104	2	0	CONTROL_PLAYER
AddCha	161	0.33.109	2	12	AddCha
AddCha	165	0.33.113	2	0	AddCha
AddCha	169	0.33.117	2	6	AddCha
AddCha	179	0.33.127	2	6	AddCha
AddCha	181	0.33.129	2	6	AddCha
AddCha	183	0.33.131	2	6	AddCha
AddCha	185	0.33.133	2	6	AddCha
AddCha	187	0.33.135	2	6	AddCha
AddCha	189	0.33.137	2	6	AddCha
AddCha	191	0.33.139	2	6	AddCha
AddCha	193	0.33.141	2	6	AddCha
AddCha	225	0.33.173	2	0	AddCha
AddCha	227	0.33.175	2	11	AddCha
AddCha	229	0.33.177	2	13	AddCha
AddCha	233	0.33.181	2	19	TriggerAddChaFromCoordinate
CONTROL_PLAYER	294	0.33.242	2	3	CONTROL_PLAYER
AddCha	297	0.33.245	2	0	AddCha
AddCha	297	0.33.245	2	9	AddChaPoint
AddCha	309	0.33.257	2	11	AddCha
AddCha	311	0.33.259	2	0	AddCha
AddCha	311	0.33.259	2	9	AddChaPoint
AddCha	315	0.33.263	2	0	AddCha
AddCha	315	0.33.263	2	12	AddChaPoint
AddCha	333	0.33.281	2	7	AddCha
CONTROL_PLAYER	341	0.33.289	2	5	CONTROL_PLAYER
CONTROL_PLAYER	343	0.33.291	2	5	CONTROL_PLAYER
AddCha	359	0.33.307	2	7	AddCha
CONTROL_PLAYER	361	0.33.309	2	5	CONTROL_PLAYER
CONTROL_PLAYER	363	0.33.311	2	5	CONTROL_PLAYER
CONTROL_PLAYER	380	0.33.328	2	0	CONTROL_PLAYER
CONTROL_PLAYER	392	0.33.340	2	0	CONTROL_PLAYER
AddCha	393	0.33.341	2	13	AddCha
CONTROL_PLAYER	394	0.33.342	2	3	CONTROL_PLAYER
CONTROL_PLAYER	396	0.33.344	2	0	CONTROL_PLAYER
AddCha	397	0.33.345	2	13	AddCha
CONTROL_PLAYER	446	0.33.394	2	0	CONTROL_PLAYER
CONTROL_PLAYER	448	0.33.396	2	0	CONTROL_PLAYER
CONTROL_PLAYER	450	0.33.398	2	0	CONTROL_PLAYER
CONTROL_PLAYER	456	0.33.404	2	0	CONTROL_PLAYER
AddCha	479	0.33.427	2	7	AddCha
AddCha	479	0.33.427	2	16	AddChaPoint
AddCha	481	0.33.429	2	7	AddCha
AddCha	481	0.33.429	2	16	AddChaPoint
CONTROL_PLAYER	490	0.33.438	2	0	CONTROL_PLAYER
CONTROL_PLAYER	492	0.33.440	2	0	CONTROL_PLAYER
CONTROL_PLAYER	494	0.33.442	2	0	CONTROL_PLAYER
CONTROL_PLAYER	496	0.33.444	2	0	CONTROL_PLAYER
AddCha	499	0.33.447	2	4	AddCha
CONTROL_PLAYER	500	0.33.448	2	0	CONTROL_PLAYER
AddCha	505	0.33.453	2	14	AddChaPoint
boss	505	0.33.453	2	27	[系统]：终极BOSS-九幽魔王前来进攻星雨阁!
AddCha	507	0.33.455	2	28	AddCha
AddCha	509	0.33.457	2	25	AddCha
AddCha	523	0.33.471	2	27	AddCha
AddCha	525	0.33.473	2	23	AddCha
AddCha	527	0.33.475	2	27	AddCha
怪物	529	0.33.477	2	11	[提示]：怪物的生命值＝(平均生命加平均魔法)
CONTROL_PLAYER	531	0.33.479	2	8	CONTROL_PLAYER
AddCha	533	0.33.481	2	0	AddCha
CONTROL_PLAYER	536	0.33.484	2	0	CONTROL_PLAYER
AddCha	551	0.33.499	2	0	AddCha
AddCha	557	0.33.505	2	0	AddCha
CONTROL_PLAYER	592	0.33.540	2	4	CONTROL_PLAYER
CONTROL_PLAYER	656	0.33.604	2	4	CONTROL_PLAYER
CONTROL_PLAYER	676	0.33.624	2	0	CONTROL_PLAYER
AddCha	685	0.33.633	2	0	AddCha
AddCha	685	0.33.633	2	9	AddChaPoint
CONTROL_PLAYER	694	0.33.642	2	3	CONTROL_PLAYER
boss	707	0.33.655	2	25	-----------------------\n九幽魔王(终极BOSS)\n-----------------------\n[提示]：魔王的属性与玩家属性和数量有关。\n[提示]：魔王的属性会根据玩家属性实时增加。\n[提示]：每种魔王的技能不一样。
AddCha	729	0.33.677	2	0	AddCha
AddCha	729	0.33.677	2	9	AddChaPoint
CONTROL_PLAYER	754	0.33.702	2	0	CONTROL_PLAYER
CONTROL_PLAYER	756	0.33.704	2	0	CONTROL_PLAYER
CONTROL_PLAYER	758	0.33.706	2	0	CONTROL_PLAYER
CONTROL_PLAYER	760	0.33.708	2	0	CONTROL_PLAYER
CONTROL_PLAYER	762	0.33.710	2	0	CONTROL_PLAYER
AddCha	777	0.33.725	2	0	AddCha
AddCha	779	0.33.727	2	0	AddCha
AddCha	779	0.33.727	2	9	AddChaPoint
AddCha	819	0.33.767	2	0	AddCha
AddCha	819	0.33.767	2	9	AddChaPoint
AddCha	821	0.33.769	2	0	AddCha
AddCha	821	0.33.769	2	9	AddChaPoint
AddCha	823	0.33.771	2	0	AddCha
AddCha	823	0.33.771	2	12	AddChaPoint
AddCha	827	0.33.775	2	7	AddCha
AddCha	827	0.33.775	2	16	AddChaPoint
AddCha	829	0.33.777	2	7	AddCha
AddCha	829	0.33.777	2	16	AddChaPoint
AddCha	831	0.33.779	2	0	AddCha
AddCha	831	0.33.779	2	9	AddChaPoint
AddCha	833	0.33.781	2	0	AddCha
AddCha	833	0.33.781	2	9	AddChaPoint
AddCha	835	0.33.783	2	0	AddCha
AddCha	835	0.33.783	2	9	AddChaPoint
AddCha	837	0.33.785	2	14	AddChaPoint
boss	837	0.33.785	2	27	[系统]：终极BOSS-九幽魔王前来进攻星雨阁!
CONTROL_PLAYER	856	0.33.804	2	0	CONTROL_PLAYER
CONTROL_PLAYER	858	0.33.806	2	0	CONTROL_PLAYER
CONTROL_PLAYER	860	0.33.808	2	16	CONTROL_PLAYER
CONTROL_PLAYER	862	0.33.810	2	0	CONTROL_PLAYER
CONTROL_PLAYER	864	0.33.812	2	0	CONTROL_PLAYER
CONTROL_PLAYER	902	0.33.850	2	14	CONTROL_PLAYER
CONTROL_PLAYER	924	0.33.872	2	0	CONTROL_PLAYER
boss	943	0.33.891	2	38	击杀10个BOSS或200个小兵提升1级，最高10级。
AddCha	953	0.33.901	2	4	AddCha
AddCha	977	0.33.925	2	16	AddCha
AddCha	979	0.33.927	2	8	AddCha
AddCha	981	0.33.929	2	0	AddCha
AddCha	981	0.33.929	2	12	AddChaPoint
AddCha	983	0.33.931	2	33	AddCha
AddCha	983	0.33.931	2	41	AddChaPoint
CONTROL_PLAYER	984	0.33.932	2	0	CONTROL_PLAYER
AddCha	989	0.33.937	2	33	AddCha
AddCha	989	0.33.937	2	41	AddChaPoint
AddCha	993	0.33.941	2	5	AddCha
AddCha	1003	0.33.951	2	12	AddCha
CONTROL_PLAYER	1010	0.33.958	2	4	CONTROL_PLAYER
boss	1011	0.33.959	2	27	击杀10个BOSS或200个小兵提升1级，最高10级，死亡等级减半。
CONTROL_PLAYER	1012	0.33.960	2	4	CONTROL_PLAYER
CONTROL_PLAYER	1018	0.33.966	2	0	CONTROL_PLAYER
CONTROL_PLAYER	1020	0.33.968	2	0	CONTROL_PLAYER
CONTROL_PLAYER	1024	0.33.972	2	0	CONTROL_PLAYER
CONTROL_PLAYER	1026	0.33.974	2	0	CONTROL_PLAYER
CONTROL_PLAYER	1038	0.33.986	2	0	CONTROL_PLAYER
CONTROL_PLAYER	1042	0.33.990	2	3	CONTROL_PLAYER
CONTROL_PLAYER	1044	0.33.992	2	3	CONTROL_PLAYER
CONTROL_PLAYER	1048	0.33.996	2	0	CONTROL_PLAYER
CONTROL_PLAYER	1058	0.33.1006	2	3	CONTROL_PLAYER
CONTROL_PLAYER	1080	0.33.1028	2	0	CONTROL_PLAYER
CONTROL_PLAYER	1084	0.33.1032	2	0	CONTROL_PLAYER
CONTROL_PLAYER	1086	0.33.1034	2	0	CONTROL_PLAYER
CONTROL_PLAYER	1088	0.33.1036	2	0	CONTROL_PLAYER
CONTROL_PLAYER	1090	0.33.1038	2	0	CONTROL_PLAYER
CONTROL_PLAYER	1092	0.33.1040	2	0	CONTROL_PLAYER
CONTROL_PLAYER	1094	0.33.1042	2	0	CONTROL_PLAYER
CONTROL_PLAYER	1109	0.33.1057	2	4	CONTROL_PLAYER
CONTROL_PLAYER	1110	0.33.1058	2	0	CONTROL_PLAYER
CONTROL_PLAYER	1178	0.33.1126	2	3	CONTROL_PLAYER
CONTROL_PLAYER	1180	0.33.1128	2	3	CONTROL_PLAYER
CONTROL_PLAYER	1190	0.33.1138	2	4	CONTROL_PLAYER
CONTROL_PLAYER	1200	0.33.1148	2	4	CONTROL_PLAYER
CONTROL_PLAYER	1225	0.33.1173	2	9	CONTROL_PLAYER
赞助	1235	0.33.1183	2	29	赞助专属装备：\n1：携带【龙纹镜】击杀【羡羡兽】可获得〖天空之镜〗\n2：携带【落日弓】击杀【呆呆象】可获得〖幻月〗\n3：携带【青锋剑】击杀【背背熊】可获得〖凌风〗
专属	1235	0.33.1183	2	29	赞助专属装备：\n1：携带【龙纹镜】击杀【羡羡兽】可获得〖天空之镜〗\n2：携带【落日弓】击杀【呆呆象】可获得〖幻月〗\n3：携带【青锋剑】击杀【背背熊】可获得〖凌风〗
赞助	1263	0.33.1211	2	20	提醒：只有赞助大使才能购买射程！
赞助大使	1263	0.33.1211	2	20	提醒：只有赞助大使才能购买射程！
大使	1263	0.33.1211	2	20	提醒：只有赞助大使才能购买射程！
CONTROL_PLAYER	1264	0.33.1212	2	3	CONTROL_PLAYER
CONTROL_PLAYER	1270	0.33.1218	2	0	CONTROL_PLAYER
CONTROL_PLAYER	1272	0.33.1220	2	0	CONTROL_PLAYER
CONTROL_PLAYER	1275	0.33.1223	2	6	CONTROL_PLAYER
CONTROL_PLAYER	1285	0.33.1233	2	26	CONTROL_PLAYER
CONTROL_PLAYER	1304	0.33.1252	2	0	CONTROL_PLAYER
CONTROL_PLAYER	1306	0.33.1254	2	0	CONTROL_PLAYER
AddCha	1315	0.33.1263	2	2	AddCha
AddCha	1319	0.33.1267	2	0	AddCha
AddCha	1323	0.33.1271	2	0	AddCha
AddCha	1325	0.33.1273	2	0	AddCha
AddCha	1327	0.33.1275	2	9	AddCha
boss	1329	0.33.1277	2	9	小朋友不要乱拉BOSS，踩到花花草草就不好啦！
赞助	1339	0.33.1287	2	1	-----------------------\n【赞助大使特权】\n1：可以选赞助专属英雄\n2：可以用木头购买射程属性\n3：英雄死亡不掉战神等级
赞助大使	1339	0.33.1287	2	1	-----------------------\n【赞助大使特权】\n1：可以选赞助专属英雄\n2：可以用木头购买射程属性\n3：英雄死亡不掉战神等级
大使	1339	0.33.1287	2	1	-----------------------\n【赞助大使特权】\n1：可以选赞助专属英雄\n2：可以用木头购买射程属性\n3：英雄死亡不掉战神等级
特权	1339	0.33.1287	2	1	-----------------------\n【赞助大使特权】\n1：可以选赞助专属英雄\n2：可以用木头购买射程属性\n3：英雄死亡不掉战神等级
专属	1339	0.33.1287	2	1	-----------------------\n【赞助大使特权】\n1：可以选赞助专属英雄\n2：可以用木头购买射程属性\n3：英雄死亡不掉战神等级
